"scientific_name","match_name","match_status","accepted_plant_name_id","ipni_id","accepted_taxon_name","accepted_family_name","accepted_genus_name","accepted_taxon_authors"
"Abuta panamensis","Abuta panamensis","Accepted",2610398,"156-2","Abuta panamensis","Menispermaceae","Abuta","(Standl.) Krukoff & Barneby"
"Abuta panurensis","Abuta panurensis","Accepted",2610399,"580073-1","Abuta panurensis","Menispermaceae","Abuta","Eichler"
"Abuta racemosa","Abuta racemosa","Accepted",2610403,"580077-1","Abuta racemosa","Menispermaceae","Abuta","Triana & Planch."
"Abuta rufescens","Abuta rufescens","Accepted",2610404,"580080-1","Abuta rufescens","Menispermaceae","Abuta","Aubl."
"Abuta solimoesensis","Abuta solimoesensis","Accepted",2610411,"159-2","Abuta solimoesensis","Menispermaceae","Abuta","Krukoff & Barneby"
"Acacia hayesii","Acacia hayesii","Synonym",2590669,"518260-1","Senegalia hayesii","Fabaceae","Senegalia","(Benth.) Britton & Rose"
"Acacia kamerunensis","Acacia kamerunensis","Synonym",2998822,"77130791-1","Senegalia kamerunensis","Fabaceae","Senegalia","(Gand.) Kyal. & Boatwr."
"Acacia kuhlmannii","Acacia kuhlmannii","Synonym",2605487,"60445210-2","Senegalia kuhlmannii","Fabaceae","Senegalia","(Ducke) Seigler & Ebinger"
"Acacia pentagona","Acacia pentagona","Synonym",2998298,"77131645-1","Senegalia pentagona","Fabaceae","Senegalia","(Schumach.) Kyal. & Boatwr."
"Acacia riparia","Acacia riparia","Synonym",2590797,"518296-1","Senegalia riparia","Fabaceae","Senegalia","(Kunth) Britton & Rose"
"Acacia sakalava","Acacia sakalava","Synonym",3003200,"77150528-1","Senegalia sakalava","Fabaceae","Senegalia","(Drake) Boatwr."
"Acalypha cuneata","Acalypha cuneata","Accepted",434,"337311-1","Acalypha cuneata","Euphorbiaceae","Acalypha","Poepp."
"Adelobotrys adscendens","Adelobotrys adscendens","Accepted",3018365,"566051-1","Adelobotrys adscendens","Melastomataceae","Adelobotrys","(Sw.) Triana"
"Adelphia hiraea","Adelphia hiraea","Accepted",2621190,"60442792-2","Adelphia hiraea","Malpighiaceae","Adelphia","(Gaertn.) W.R.Anderson"
"Adenia penangiana","Adenia penangiana","Accepted",2621558,"674150-1","Adenia penangiana","Passifloraceae","Adenia","(Wall. ex G.Don) W.J.de Wilde"
"Adenocalymma adenophorum","Adenocalymma adenophorum","Accepted",320890,"77141914-1","Adenocalymma adenophorum","Bignoniaceae","Adenocalymma","(Sandwith) L.G.Lohmann"
"Adenocalymma bracteolatum","Adenocalymma bracteolatum","Accepted",319329,"108108-1","Adenocalymma bracteolatum","Bignoniaceae","Adenocalymma","DC."
"Adenocalymma bracteosum","Adenocalymma bracteosum","Accepted",320902,"77100435-1","Adenocalymma bracteosum","Bignoniaceae","Adenocalymma","(DC.) L.G.Lohmann"
"Adenocalymma croatii","Adenocalymma croatii","Accepted",320906,"77141923-1","Adenocalymma croatii","Bignoniaceae","Adenocalymma","(A.H.Gentry) L.G.Lohmann"
"Adenocalymma flavum","Adenocalymma flavum","Accepted",319352,"108118-1","Adenocalymma flavum","Bignoniaceae","Adenocalymma","Mart. ex DC."
"Adenocalymma hirtum","Adenocalymma hirtum","Accepted",319370,"4302-2","Adenocalymma hirtum","Bignoniaceae","Adenocalymma","(Mart. ex DC.) Bureau & K.Schum."
"Adenocalymma impressum","Adenocalymma impressum","Accepted",319373,"4305-2","Adenocalymma impressum","Bignoniaceae","Adenocalymma","(Rusby) Sandwith"
"Adenocalymma inundatum","Adenocalymma inundatum","Accepted",319374,"108127-1","Adenocalymma inundatum","Bignoniaceae","Adenocalymma","Mart. ex DC."
"Adenocalymma magdalenense","Adenocalymma magdalenense","Accepted",319388,"4313-2","Adenocalymma magdalenense","Bignoniaceae","Adenocalymma","Dugand"
"Adenocalymma magnificum","Adenocalymma magnificum","Accepted",319389,"108138-1","Adenocalymma magnificum","Bignoniaceae","Adenocalymma","Mart. ex DC."
"Adenocalymma marginatum","Adenocalymma marginatum","Accepted",319392,"108139-1","Adenocalymma marginatum","Bignoniaceae","Adenocalymma","(Cham.) DC."
"Adenocalymma moringifolium","Adenocalymma moringifolium","Accepted",320911,"77141932-1","Adenocalymma moringifolium","Bignoniaceae","Adenocalymma","(DC.) L.G.Lohmann"
"Adenocalymma patulum","Adenocalymma patulum","Accepted",320913,"77100439-1","Adenocalymma patulum","Bignoniaceae","Adenocalymma","(Miers) L.G.Lohmann"
"Adenocalymma pseudopatulum","Adenocalymma pseudopatulum","Accepted",317208,"77100440-1","Adenocalymma pseudopatulum","Bignoniaceae","Adenocalymma","(A.H.Gentry) L.G.Lohmann"
"Adenocalymma tanaeciicarpum","Adenocalymma tanaeciicarpum","Accepted",320922,"77100442-1","Adenocalymma tanaeciicarpum","Bignoniaceae","Adenocalymma","(A.H.Gentry) L.G.Lohmann"
"Adenocalymma ternatum","Adenocalymma ternatum","Accepted",319434,"4346-2","Adenocalymma ternatum","Bignoniaceae","Adenocalymma","(Vell.) Netto ex Bureau & K.Schum."
"Adenocalymma uleanum","Adenocalymma uleanum","Accepted",319438,"4349-2","Adenocalymma uleanum","Bignoniaceae","Adenocalymma","Kraenzl."
"Adenocalymma validum","Adenocalymma validum","Accepted",316979,"77141941-1","Adenocalymma validum","Bignoniaceae","Adenocalymma","(K.Schum.) L.G.Lohmann"
"Adenopodia scelerata","Adenopodia scelerata","Accepted",2621837,"942439-1","Adenopodia scelerata","Fabaceae","Adenopodia","(A.Chev.) Brenan"
"Aegiphila elegans","Aegiphila elegans","Accepted",3418,"5702-2","Aegiphila elegans","Lamiaceae","Aegiphila","Moldenke"
"Aegiphila hirsuta","Aegiphila hirsuta","Accepted",3462,"5730-2","Aegiphila hirsuta","Lamiaceae","Aegiphila","Moldenke"
"Aegiphila hoehnei","Aegiphila hoehnei","Accepted",3466,"5733-2","Aegiphila hoehnei","Lamiaceae","Aegiphila","Moldenke"
"Aegiphila laeta","Aegiphila laeta","Accepted",3483,"860894-1","Aegiphila laeta","Lamiaceae","Aegiphila","Kunth"
"Agelaea macrophylla","Agelaea macrophylla","Accepted",2626012,"264086-1","Agelaea macrophylla","Connaraceae","Agelaea","(Zoll.) Leenh."
"Agelaea paradoxa","Agelaea paradoxa","Accepted",2626025,"264098-1","Agelaea paradoxa","Connaraceae","Agelaea","Gilg"
"Agelaea pentagyna","Agelaea pentagyna","Accepted",2626027,"264099-1","Agelaea pentagyna","Connaraceae","Agelaea","(Lam.) Baill."
"Aglaia rufinervis","Aglaia rufinervis","Accepted",2626547,"577304-1","Aglaia rufinervis","Meliaceae","Aglaia","(Blume) Bentv."
"Airyantha schweinfurthii","Airyantha schweinfurthii","Accepted",2626983,"473114-1","Airyantha schweinfurthii","Fabaceae","Airyantha","(Taub.) Brummitt"
"Alafia barteri","Alafia barteri","Accepted",5464,"76417-1","Alafia barteri","Apocynaceae","Alafia","Oliv."
"Alafia thouarsii","Alafia thouarsii","Accepted",5510,"76459-1","Alafia thouarsii","Apocynaceae","Alafia","Roem. & Schult."
"Alicia anisopetala","Alicia anisopetala","Accepted",2628386,"60442800-2","Alicia anisopetala","Malpighiaceae","Alicia","(A.Juss.) W.R.Anderson"
"Alicia macrodisca","Alicia macrodisca","Accepted",2628387,"60442801-2","Alicia macrodisca","Malpighiaceae","Alicia","(Triana & Planch.) Griseb."
"Allomarkgrafia plumeriiflora","Allomarkgrafia plumeriiflora","Accepted",6213,"9099-2","Allomarkgrafia plumeriiflora","Apocynaceae","Allomarkgrafia","Woodson"
"Allosanthus trifoliolatus","Allosanthus trifoliolatus","Synonym",3016460,"77162914-1","Thinouia trifoliolata","Sapindaceae","Thinouia","(Radlk.) Acev.-Rodr. & Ferrucci"
"Alphitonia neocaledonica","Alphitonia neocaledonica","Accepted",2629992,"716629-1","Alphitonia neocaledonica","Rhamnaceae","Alphitonia","(Schltr.) Guillaumin"
"Amorimia rigida","Amorimia rigida","Accepted",2634113,"60442919-2","Amorimia rigida","Malpighiaceae","Amorimia","(A.Juss.) W.R.Anderson"
"Ampelopsis glandulosa","Ampelopsis glandulosa","Accepted",2634501,"869644-1","Ampelopsis glandulosa","Vitaceae","Ampelopsis","(Wall.) Momiy."
"Amphilophium chocoense","Amphilophium chocoense","Accepted",320938,"77141948-1","Amphilophium chocoense","Bignoniaceae","Amphilophium","(A.H.Gentry) L.G.Lohmann"
"Amphilophium crucigerum","Amphilophium crucigerum","Accepted",320940,"77100444-1","Amphilophium crucigerum","Bignoniaceae","Amphilophium","(L.) L.G.Lohmann"
"Amphilophium dasytrichum","Amphilophium dasytrichum","Accepted",320943,"77100445-1","Amphilophium dasytrichum","Bignoniaceae","Amphilophium","(Sandwith) L.G.Lohmann"
"Amphilophium ecuadorense","Amphilophium ecuadorense","Accepted",319450,"11580-2","Amphilophium ecuadorense","Bignoniaceae","Amphilophium","A.H.Gentry"
"Amphilophium granulosum","Amphilophium granulosum","Accepted",320949,"77100487-1","Amphilophium granulosum","Bignoniaceae","Amphilophium","(Klotzsch) L.G.Lohmann"
"Amphilophium lactiflorum","Amphilophium lactiflorum","Accepted",320950,"77100448-1","Amphilophium lactiflorum","Bignoniaceae","Amphilophium","(Vahl) L.G.Lohmann"
"Amphilophium magnoliifolium","Amphilophium magnoliifolium","Accepted",320953,"77100449-1","Amphilophium magnoliifolium","Bignoniaceae","Amphilophium","(Kunth) L.G.Lohmann"
"Amphilophium nunezii","Amphilophium nunezii","Accepted",320955,"77141960-1","Amphilophium nunezii","Bignoniaceae","Amphilophium","(A.H.Gentry) L.G.Lohmann"
"Amphilophium occidentale","Amphilophium occidentale","Accepted",320957,"77141961-1","Amphilophium occidentale","Bignoniaceae","Amphilophium","(A.H.Gentry) L.G.Lohmann"
"Amphilophium paniculatum","Amphilophium paniculatum","Accepted",319459,"108202-1","Amphilophium paniculatum","Bignoniaceae","Amphilophium","(L.) Kunth"
"Amphilophium pulverulentum","Amphilophium pulverulentum","Accepted",320960,"77100454-1","Amphilophium pulverulentum","Bignoniaceae","Amphilophium","(Sandwith) L.G.Lohmann"
"Amphilophium rodriguesii","Amphilophium rodriguesii","Accepted",320962,"77141964-1","Amphilophium rodriguesii","Bignoniaceae","Amphilophium","(A.H.Gentry) L.G.Lohmann"
"Ancistrocladus barteri","Ancistrocladus barteri","Accepted",8754,"320527-1","Ancistrocladus barteri","Ancistrocladaceae","Ancistrocladus","Scott Elliot"
"Ancistrocladus ealaensis","Ancistrocladus ealaensis","Accepted",8759,"71938-1","Ancistrocladus ealaensis","Ancistrocladaceae","Ancistrocladus","J.Léonard"
"Anemopaegma chrysanthum","Anemopaegma chrysanthum","Accepted",319506,"13554-2","Anemopaegma chrysanthum","Bignoniaceae","Anemopaegma","Dugand"
"Anemopaegma chrysoleucum","Anemopaegma chrysoleucum","Accepted",319507,"13555-2","Anemopaegma chrysoleucum","Bignoniaceae","Anemopaegma","(Kunth) Sandwith"
"Anemopaegma insculptum","Anemopaegma insculptum","Accepted",319527,"13574-2","Anemopaegma insculptum","Bignoniaceae","Anemopaegma","(Sandwith) A.H.Gentry"
"Anemopaegma orbiculatum","Anemopaegma orbiculatum","Accepted",319163,"108284-1","Anemopaegma orbiculatum","Bignoniaceae","Anemopaegma","(Jacq.) DC."
"Anemopaegma parkeri","Anemopaegma parkeri","Accepted",319536,"13605-2","Anemopaegma parkeri","Bignoniaceae","Anemopaegma","Sprague"
"Anemopaegma patelliforme","Anemopaegma patelliforme","Accepted",319537,"13606-2","Anemopaegma patelliforme","Bignoniaceae","Anemopaegma","A.H.Gentry"
"Anemopaegma prostratum","Anemopaegma prostratum","Accepted",319539,"108291-1","Anemopaegma prostratum","Bignoniaceae","Anemopaegma","DC."
"Anemopaegma robustum","Anemopaegma robustum","Accepted",319544,"13613-2","Anemopaegma robustum","Bignoniaceae","Anemopaegma","Bureau & K.Schum."
"Annona scandens","Annona scandens","Accepted",2641012,"14345-2","Annona scandens","Annonaceae","Annona","Diels ex Pilg."
"Anodendron affine","Anodendron affine","Accepted",10106,"77061-1","Anodendron affine","Apocynaceae","Anodendron","(Hook. & Arn.) Druce"
"Anodendron benthamianum","Anodendron benthamianum","Accepted",10109,"77063-1","Anodendron benthamianum","Apocynaceae","Anodendron","Hemsl."
"Anomianthus dulcis","Anomianthus dulcis","Synonym",2447575,"75659-1","Uvaria dulcis","Annonaceae","Uvaria","Dunal"
"Anomospermum bolivianum","Anomospermum bolivianum","Synonym",3237237,"77199694-1","Rupertiella boliviana","Menispermaceae","Rupertiella","(Krukoff & Moldenke) Wei Wang & R.Ortiz"
"Anomospermum chloranthum","Anomospermum chloranthum","Accepted",2641296,"14455-2","Anomospermum chloranthum","Menispermaceae","Anomospermum","Diels"
"Anomospermum grandifolium","Anomospermum grandifolium","Illegitimate",2787607,"580797-1","Elissarrhena longipes","Menispermaceae","Elissarrhena","Miers"
"Anomospermum reticulatum","Anomospermum reticulatum","Accepted",2641316,"580176-1","Anomospermum reticulatum","Menispermaceae","Anomospermum","(Mart.) Eichler"
"Anomospermum solimoesianum","Anomospermum solimoesianum","Synonym",3238585,"77199693-1","Elissarrhena solimoesana","Menispermaceae","Elissarrhena","(Moldenke) Wei Wang & R.Ortiz"
"Artabotrys brachypetalus","Artabotrys brachypetalus","Accepted",2653252,"72360-1","Artabotrys brachypetalus","Annonaceae","Artabotrys","Benth."
"Artabotrys congolensis","Artabotrys congolensis","Accepted",2653264,"72372-1","Artabotrys congolensis","Annonaceae","Artabotrys","De Wild. & T.Durand"
"Artabotrys polygynus","Artabotrys polygynus","Accepted",2653347,"72452-1","Artabotrys polygynus","Annonaceae","Artabotrys","Miq."
"Artabotrys zeylanicus","Artabotrys zeylanicus","Accepted",2653390,"72488-1","Artabotrys zeylanicus","Annonaceae","Artabotrys","Hook.f. & Thomson"
"Austrosteenisia stipularis","Austrosteenisia stipularis","Accepted",2666724,"943253-1","Austrosteenisia stipularis","Fabaceae","Austrosteenisia","(C.T.White) Jessup"
"Banisteriopsis muricata","Banisteriopsis muricata","Accepted",2668936,"29242-2","Banisteriopsis muricata","Malpighiaceae","Banisteriopsis","(Cav.) Cuatrec."
"Banisteriopsis nummifera","Banisteriopsis nummifera","Accepted",2668939,"910076-1","Banisteriopsis nummifera","Malpighiaceae","Banisteriopsis","(A.Juss.) B.Gates"
"Baphia capparidifolia","Baphia capparidifolia","Accepted",2669326,"480839-1","Baphia capparidifolia","Fabaceae","Baphia","Baker"
"Bauhinia beguinotii","Bauhinia beguinotii","Accepted",2671356,"30001-2","Bauhinia beguinotii","Fabaceae","Bauhinia","Cufod."
"Bauhinia glabra","Bauhinia glabra","Synonym",2490398,"229758-2","Schnella glabra","Fabaceae","Schnella","(Jacq.) Dugand"
"Bauhinia guianensis","Bauhinia guianensis","Synonym",2905142,"77111925-1","Schnella guianensis","Fabaceae","Schnella","(Aubl.) Wunderlin"
"Bauhinia hymenaeifolia","Bauhinia hymenaeifolia","Synonym",2873233,"518011-1","Schnella hymenaeifolia","Fabaceae","Schnella","(Triana ex Hemsl.) Britton & Rose"
"Bauhinia kunthiana","Bauhinia kunthiana","Synonym",2905140,"77111927-1","Schnella kunthiana","Fabaceae","Schnella","(Vogel) Wunderlin"
"Bauhinia microstachya","Bauhinia microstachya","Synonym",2591687,"229762-2","Schnella microstachya","Fabaceae","Schnella","Raddi"
"Bauhinia smilacina","Bauhinia smilacina","Synonym",2591674,"518023-1","Schnella smilacina","Fabaceae","Schnella","(Schott) G.Don"
"Bignonia aequinoctialis","Bignonia aequinoctialis","Accepted",319795,"108550-1","Bignonia aequinoctialis","Bignoniaceae","Bignonia","L."
"Bignonia binata","Bignonia binata","Accepted",319839,"108602-1","Bignonia binata","Bignoniaceae","Bignonia","Thunb."
"Bignonia bracteomana","Bignonia bracteomana","Accepted",320966,"77141967-1","Bignonia bracteomana","Bignoniaceae","Bignonia","(K.Schum. ex Sprague) L.G.Lohmann"
"Bignonia callistegioides","Bignonia callistegioides","Accepted",319856,"108621-1","Bignonia callistegioides","Bignoniaceae","Bignonia","Cham."
"Bignonia campanulata","Bignonia campanulata","Accepted",319858,"108623-1","Bignonia campanulata","Bignoniaceae","Bignonia","Cham."
"Bignonia corymbosa","Bignonia corymbosa","Accepted",527398,"60474996-2","Bignonia corymbosa","Bignoniaceae","Bignonia","Vent."
"Bignonia decora","Bignonia decora","Accepted",320974,"77141970-1","Bignonia decora","Bignoniaceae","Bignonia","(S.Moore) L.G.Lohmann"
"Bignonia diversifolia","Bignonia diversifolia","Accepted",319938,"108704-1","Bignonia diversifolia","Bignoniaceae","Bignonia","Kunth"
"Bignonia hyacinthina","Bignonia hyacinthina","Accepted",320978,"77100458-1","Bignonia hyacinthina","Bignoniaceae","Bignonia","(Standl.) L.G.Lohmann"
"Bignonia lilacina","Bignonia lilacina","Accepted",320979,"77100459-1","Bignonia lilacina","Bignoniaceae","Bignonia","(A.H.Gentry) L.G.Lohmann"
"Bignonia longiflora","Bignonia longiflora","Accepted",320064,"108844-1","Bignonia longiflora","Bignoniaceae","Bignonia","Cav."
"Bignonia neoheterophylla","Bignonia neoheterophylla","Accepted",486873,"77141971-1","Bignonia neoheterophylla","Bignoniaceae","Bignonia","L.G.Lohmann"
"Bignonia nocturna","Bignonia nocturna","Accepted",320980,"77100460-1","Bignonia nocturna","Bignoniaceae","Bignonia","(Barb.Rodr.) L.G.Lohmann"
"Bignonia pterocalyx","Bignonia pterocalyx","Accepted",320983,"77100461-1","Bignonia pterocalyx","Bignoniaceae","Bignonia","(Sprague ex Urb.) L.G.Lohmann"
"Bignonia sordida","Bignonia sordida","Accepted",320987,"77100486-1","Bignonia sordida","Bignoniaceae","Bignonia","(Bureau & K.Schum.) L.G.Lohmann"
"Bignonia uleana","Bignonia uleana","Accepted",320988,"77141976-1","Bignonia uleana","Bignoniaceae","Bignonia","(Kraenzl.) L.G.Lohmann"
"Bonamia trichantha","Bonamia trichantha","Accepted",483420,"34723-2","Bonamia trichantha","Convolvulaceae","Bonamia","Hallier f."
"Boquila trifoliolata","Boquila trifoliolata","Accepted",517433,"107230-1","Boquila trifoliolata","Lardizabalaceae","Boquila","(DC.) Decne."
"Borismene japurensis","Borismene japurensis","Accepted",2679795,"34845-2","Borismene japurensis","Menispermaceae","Borismene","(Mart.) Barneby"
"Bronwenia cornifolia","Bronwenia cornifolia","Accepted",2606468,"60447688-2","Bronwenia cornifolia","Malpighiaceae","Bronwenia","(Kunth) W.R.Anderson & C.Davis"
"Byttneria asterotricha","Byttneria asterotricha","Synonym",3226815,"77184091-1","Ayenia asterotricha","Malvaceae","Ayenia","(Mildbr.) Christenh. & Byng"
"Byttneria catalpifolia","Byttneria catalpifolia","Synonym",3226980,"77184121-1","Ayenia catalpifolia","Malvaceae","Ayenia","(Jacq.) Christenh. & Byng"
"Byttneria coriacea","Byttneria coriacea","Synonym",3226872,"77183998-1","Ayenia coriacea","Malvaceae","Ayenia","(Britton) Christenh. & Byng"
"Callerya reticulata","Callerya reticulata","Synonym",3237787,"77198992-1","Wisteriopsis reticulata","Fabaceae","Wisteriopsis","(Benth.) J.Compton & Schrire"
"Callichlamys latifolia","Callichlamys latifolia","Accepted",320325,"42392-2","Callichlamys latifolia","Bignoniaceae","Callichlamys","(Rich.) K.Schum."
"Campsidium valdivianum","Campsidium valdivianum","Accepted",320336,"941623-1","Campsidium valdivianum","Bignoniaceae","Campsidium","(Phil.) W.Bull"
"Canavalia acuminata","Canavalia acuminata","Accepted",2696137,"44315-2","Canavalia acuminata","Fabaceae","Canavalia","Rose"
"Capparis chrysomeia","Capparis chrysomeia","Accepted",2697057,"146353-1","Capparis chrysomeia","Capparaceae","Capparis","Bojer"
"Capparis erythrocarpos","Capparis erythrocarpos","Accepted",2697154,"146430-1","Capparis erythrocarpos","Capparaceae","Capparis","Isert"
"Capparis lanceolaris","Capparis lanceolaris","Accepted",2697283,"150885-3","Capparis lanceolaris","Capparaceae","Capparis","DC."
"Carolus chlorocarpus","Carolus chlorocarpus","Accepted",2701174,"60442926-2","Carolus chlorocarpus","Malpighiaceae","Carolus","(A.Juss.) W.R.Anderson"
"Cayaponia ophthalmica","Cayaponia ophthalmica","Accepted",2706444,"320916-2","Cayaponia ophthalmica","Cucurbitaceae","Cayaponia","R.E.Schult."
"Celastrus hindsii","Celastrus hindsii","Accepted",2707528,"160316-1","Celastrus hindsii","Celastraceae","Celastrus","Benth."
"Celastrus kusanoi","Celastrus kusanoi","Accepted",2707552,"160340-1","Celastrus kusanoi","Celastraceae","Celastrus","Hayata"
"Celastrus paniculatus","Celastrus paniculatus","Accepted",2707638,"160439-1","Celastrus paniculatus","Celastraceae","Celastrus","Willd."
"Celtis iguanaea","Celtis iguanaea","Accepted",2708300,"1213898-2","Celtis iguanaea","Cannabaceae","Celtis","(Jacq.) Sarg."
"Chamissoa altissima","Chamissoa altissima","Accepted",2715817,"60077-1","Chamissoa altissima","Amaranthaceae","Chamissoa","(Jacq.) Kunth"
"Cheiloclinium anomalum","Cheiloclinium anomalum","Accepted",2716138,"430947-1","Cheiloclinium anomalum","Celastraceae","Cheiloclinium","Miers"
"Cheiloclinium hippocrateoides","Cheiloclinium hippocrateoides","Accepted",2716146,"55849-2","Cheiloclinium hippocrateoides","Celastraceae","Cheiloclinium","(Peyr.) A.C.Sm."
"Cheiloclinium klugii","Cheiloclinium klugii","Accepted",2716148,"55851-2","Cheiloclinium klugii","Celastraceae","Cheiloclinium","A.C.Sm."
"Chiococca alba","Chiococca alba","Accepted",39067,"56535-2","Chiococca alba","Rubiaceae","Chiococca","(L.) Hitchc."
"Chondrodendron tomentosum","Chondrodendron tomentosum","Accepted",2719336,"580301-1","Chondrodendron tomentosum","Menispermaceae","Chondrodendron","Ruiz & Pav."
"Cissampelos pareira","Cissampelos pareira","Accepted",2722039,"59219-2","Cissampelos pareira","Menispermaceae","Cissampelos","L."
"Cissus adnata","Cissus adnata","Accepted",2722130,"67492-1","Cissus adnata","Vitaceae","Cissus","Roxb."
"Cissus alata","Cissus alata","Accepted",2722134,"311226-2","Cissus alata","Vitaceae","Cissus","Jacq."
"Cissus barbeyana","Cissus barbeyana","Accepted",2722209,"67532-1","Cissus barbeyana","Vitaceae","Cissus","De Wild. & T.Durand"
"Cissus biformifolia","Cissus biformifolia","Accepted",2722221,"59255-2","Cissus biformifolia","Vitaceae","Cissus","Standl."
"Cissus brevipes","Cissus brevipes","Accepted",2722242,"59258-2","Cissus brevipes","Vitaceae","Cissus","C.V.Morton & Standl."
"Cissus dinklagei","Cissus dinklagei","Accepted",2722360,"869838-1","Cissus dinklagei","Vitaceae","Cissus","Gilg & M.Brandt"
"Cissus erosa","Cissus erosa","Accepted",2722398,"67646-1","Cissus erosa","Vitaceae","Cissus","Rich."
"Cissus fuliginea","Cissus fuliginea","Accepted",2722433,"67664-1","Cissus fuliginea","Vitaceae","Cissus","Kunth"
"Cissus hastata","Cissus hastata","Accepted",2722488,"67697-1","Cissus hastata","Vitaceae","Cissus","Miq."
"Cissus hypoglauca","Cissus hypoglauca","Accepted",2722526,"67728-1","Cissus hypoglauca","Vitaceae","Cissus","A.Gray"
"Cissus microcarpa","Cissus microcarpa","Accepted",2722650,"316225-2","Cissus microcarpa","Vitaceae","Cissus","Vahl"
"Cissus neei","Cissus neei","Accepted",2722679,"59315-2","Cissus neei","Vitaceae","Cissus","Croat"
"Cissus producta","Cissus producta","Accepted",2722799,"67881-1","Cissus producta","Vitaceae","Cissus","Afzel."
"Cissus repanda","Cissus repanda","Accepted",2722846,"67904-1","Cissus repanda","Vitaceae","Cissus","(Wight & Arn.) Vahl"
"Cissus repens","Cissus repens","Accepted",2722848,"67906-1","Cissus repens","Vitaceae","Cissus","Lam."
"Cissus striata","Cissus striata","Synonym",3001804,"77150211-1","Clematicissus striata","Vitaceae","Clematicissus","(Ruiz & Pav.) Lombardi"
"Cissus tweedieana","Cissus tweedieana","Synonym",3001789,"77150213-1","Clematicissus tweedieana","Vitaceae","Clematicissus","(Baker) Lombardi"
"Cissus ulmifolia","Cissus ulmifolia","Illegitimate",3273147,"77214674-1","Cissus lombardiana","Vitaceae","Cissus","Kottaim."
"Cissus verticillata","Cissus verticillata","Accepted",2723104,"980361-1","Cissus verticillata","Vitaceae","Cissus","(L.) Nicolson & C.E.Jarvis"
"Clematis dioica","Clematis dioica","Accepted",2725892,"60325-2","Clematis dioica","Ranunculaceae","Clematis","L."
"Clematis mauritiana","Clematis mauritiana","Accepted",2726323,"709881-1","Clematis mauritiana","Ranunculaceae","Clematis","Lam."
"Clematis smilacifolia","Clematis smilacifolia","Accepted",2726718,"710071-1","Clematis smilacifolia","Ranunculaceae","Clematis","Wall."
"Clitandra cymulosa","Clitandra cymulosa","Accepted",43763,"78049-1","Clitandra cymulosa","Apocynaceae","Clitandra","Benth."
"Cnestidium rufescens","Cnestidium rufescens","Accepted",2728834,"264202-1","Cnestidium rufescens","Connaraceae","Cnestidium","Planch."
"Cnestis corniculata","Cnestis corniculata","Accepted",2728852,"264219-1","Cnestis corniculata","Connaraceae","Cnestis","Lam."
"Cnestis polyphylla","Cnestis polyphylla","Accepted",2728900,"264269-1","Cnestis polyphylla","Connaraceae","Cnestis","Lam."
"Coccoloba excelsa","Coccoloba excelsa","Accepted",2729253,"693654-1","Coccoloba excelsa","Polygonaceae","Coccoloba","Benth."
"Combretum assimile","Combretum assimile","Accepted",2732414,"169923-1","Combretum assimile","Combretaceae","Combretum","Eichler"
"Combretum bracteatum","Combretum bracteatum","Accepted",2732448,"169958-1","Combretum bracteatum","Combretaceae","Combretum","(M.A.Lawson) Engl. & Diels"
"Combretum carringtonianum","Combretum carringtonianum","Accepted",2732478,"169990-1","Combretum carringtonianum","Combretaceae","Combretum","Exell & J.G.García"
"Combretum decandrum","Combretum decandrum","Accepted",2732534,"170030-1","Combretum decandrum","Combretaceae","Combretum","Jacq."
"Combretum falcatum","Combretum falcatum","Accepted",2732585,"971486-1","Combretum falcatum","Combretaceae","Combretum","(Welw. ex Hiern) Jongkind"
"Combretum fruticosum","Combretum fruticosum","Accepted",2732604,"63788-2","Combretum fruticosum","Combretaceae","Combretum","(Loefl.) Stuntz"
"Combretum oyemense","Combretum oyemense","Accepted",2732887,"170342-1","Combretum oyemense","Combretaceae","Combretum","Exell"
"Combretum paraguariense","Combretum paraguariense","Accepted",2606743,"77086769-1","Combretum paraguariense","Combretaceae","Combretum","(Eichler) Stace"
"Combretum pavonii","Combretum pavonii","Accepted",2732905,"170358-1","Combretum pavonii","Combretaceae","Combretum","G.Don"
"Combretum racemosum","Combretum racemosum","Accepted",2732972,"170415-1","Combretum racemosum","Combretaceae","Combretum","P.Beauv."
"Combretum sordidum","Combretum sordidum","Accepted",2733033,"170474-1","Combretum sordidum","Combretaceae","Combretum","Exell"
"Combretum spinosum","Combretum spinosum","Accepted",2733036,"170476-1","Combretum spinosum","Combretaceae","Combretum","Bonpl."
"Combretum vernicosum","Combretum vernicosum","Accepted",2733126,"63838-2","Combretum vernicosum","Combretaceae","Combretum","Rusby"
"Connarus fasciculatus","Connarus fasciculatus","Accepted",2734270,"264345-1","Connarus fasciculatus","Connaraceae","Connarus","(DC.) Planch."
"Connarus griffonianus","Connarus griffonianus","Accepted",2734297,"264370-1","Connarus griffonianus","Connaraceae","Connarus","Baill."
"Connarus panamensis","Connarus panamensis","Accepted",2734380,"264457-1","Connarus panamensis","Connaraceae","Connarus","Griseb."
"Connarus pickeringii","Connarus pickeringii","Accepted",2734396,"264468-1","Connarus pickeringii","Connaraceae","Connarus","A.Gray"
"Connarus semidecandrus","Connarus semidecandrus","Accepted",2734439,"264510-1","Connarus semidecandrus","Connaraceae","Connarus","Jack"
"Corynostylis arborea","Corynostylis arborea","Synonym",3001796,"77144891-1","Calyptrion arboreum","Violaceae","Calyptrion","(L.) Paula-Souza"
"Critonia billbergiana","Critonia billbergiana","Accepted",3132485,"69540-2","Critonia billbergiana","Asteraceae","Critonia","(Beurl.) R.M.King & H.Rob."
"Critoniopsis woytkowskii","Critoniopsis woytkowskii","Accepted",3053874,"982361-1","Critoniopsis woytkowskii","Asteraceae","Critoniopsis","(S.B.Jones) H.Rob."
"Curarea toxicofera","Curarea toxicofera","Accepted",2748838,"72709-2","Curarea toxicofera","Menispermaceae","Curarea","(Wedd.) Barneby & Krukoff"
"Cuspidaria floribunda","Cuspidaria floribunda","Accepted",320563,"73040-2","Cuspidaria floribunda","Bignoniaceae","Cuspidaria","(DC.) A.H.Gentry"
"Cuspidaria inaequalis","Cuspidaria inaequalis","Accepted",321005,"77100463-1","Cuspidaria inaequalis","Bignoniaceae","Cuspidaria","(DC. ex Splitg.) L.G.Lohmann"
"Cuspidaria lateriflora","Cuspidaria lateriflora","Accepted",320566,"109374-1","Cuspidaria lateriflora","Bignoniaceae","Cuspidaria","(Mart.) DC."
"Cuspidaria weberbaueri","Cuspidaria weberbaueri","Accepted",320582,"73056-2","Cuspidaria weberbaueri","Bignoniaceae","Cuspidaria","(Sprague) A.H.Gentry"
"Cyclocotyla congolensis","Cyclocotyla congolensis","Accepted",52685,"78194-1","Cyclocotyla congolensis","Apocynaceae","Cyclocotyla","Stapf"
"Dalbergia brownei","Dalbergia brownei","Accepted",2755469,"75919-2","Dalbergia brownei","Fabaceae","Dalbergia","(Jacq.) Schinz"
"Dalbergia darienensis","Dalbergia darienensis","Accepted",2755522,"899681-1","Dalbergia darienensis","Fabaceae","Dalbergia","Rudd"
"Dalbergia frutescens","Dalbergia frutescens","Accepted",2755580,"75939-2","Dalbergia frutescens","Fabaceae","Dalbergia","(Vell.) Britton"
"Dalbergia monetaria","Dalbergia monetaria","Accepted",2755742,"490342-1","Dalbergia monetaria","Fabaceae","Dalbergia","L.f."
"Dalbergia negrensis","Dalbergia negrensis","Accepted",2755759,"1213501-2","Dalbergia negrensis","Fabaceae","Dalbergia","(Radlk.) Ducke"
"Dalbergia saxatilis","Dalbergia saxatilis","Accepted",2755874,"490455-1","Dalbergia saxatilis","Fabaceae","Dalbergia","Hook.f."
"Dalhousiea africana","Dalhousiea africana","Accepted",2756533,"490952-1","Dalhousiea africana","Fabaceae","Dalhousiea","S.Moore"
"Danais fragrans","Danais fragrans","Accepted",56287,"748144-1","Danais fragrans","Rubiaceae","Danais","(Lam.) Pers."
"Davilla kunthii","Davilla kunthii","Accepted",2758420,"316577-1","Davilla kunthii","Dilleniaceae","Davilla","A.St.-Hil."
"Davilla nitida","Davilla nitida","Accepted",2758438,"77025-2","Davilla nitida","Dilleniaceae","Davilla","(Vahl) Kubitzki"
"Davilla rugosa","Davilla rugosa","Accepted",2758447,"328431-2","Davilla rugosa","Dilleniaceae","Davilla","Poir."
"Derris laxiflora","Derris laxiflora","Accepted",2761542,"491352-1","Derris laxiflora","Fabaceae","Derris","Benth."
"Dewevrea bilabiata","Dewevrea bilabiata","Accepted",2763413,"492285-1","Dewevrea bilabiata","Fabaceae","Dewevrea","Micheli"
"Dicella julianii","Dicella julianii","Accepted",2765587,"79199-2","Dicella julianii","Malpighiaceae","Dicella","(J.F.Macbr.) W.R.Anderson"
"Dicella macroptera","Dicella macroptera","Accepted",2765589,"556292-1","Dicella macroptera","Malpighiaceae","Dicella","A.Juss."
"Dichapetalum barteri","Dichapetalum barteri","Accepted",2765763,"163179-1","Dichapetalum barteri","Dichapetalaceae","Dichapetalum","Engl."
"Dichapetalum cymulosum","Dichapetalum cymulosum","Accepted",2765818,"163195-1","Dichapetalum cymulosum","Dichapetalaceae","Dichapetalum","(Oliv.) Engl."
"Dichapetalum heudelotii","Dichapetalum heudelotii","Accepted",2765888,"163215-1","Dichapetalum heudelotii","Dichapetalaceae","Dichapetalum","(Planch. ex Oliv.) Baill."
"Dichapetalum insigne","Dichapetalum insigne","Accepted",2765903,"316261-1","Dichapetalum insigne","Dichapetalaceae","Dichapetalum","Engl."
"Dichapetalum integripetalum","Dichapetalum integripetalum","Accepted",2765904,"163221-1","Dichapetalum integripetalum","Dichapetalaceae","Dichapetalum","Engl."
"Dichapetalum madagascariense","Dichapetalum madagascariense","Accepted",2765950,"163234-1","Dichapetalum madagascariense","Dichapetalaceae","Dichapetalum","Poir."
"Dichapetalum mombuttense","Dichapetalum mombuttense","Accepted",2765973,"163237-1","Dichapetalum mombuttense","Dichapetalaceae","Dichapetalum","Engl."
"Dichapetalum mossambicense","Dichapetalum mossambicense","Accepted",2765979,"163239-1","Dichapetalum mossambicense","Dichapetalaceae","Dichapetalum","(Klotzsch) Engl."
"Dichapetalum mundense","Dichapetalum mundense","Accepted",2765982,"163240-1","Dichapetalum mundense","Dichapetalaceae","Dichapetalum","Engl."
"Dichapetalum pallidum","Dichapetalum pallidum","Accepted",2766006,"163248-1","Dichapetalum pallidum","Dichapetalaceae","Dichapetalum","(Oliv.) Engl."
"Dichapetalum papuanum","Dichapetalum papuanum","Accepted",2766010,"316322-1","Dichapetalum papuanum","Dichapetalaceae","Dichapetalum","(Becc.) Boerl."
"Dichapetalum rudatisii","Dichapetalum rudatisii","Accepted",2766040,"316340-1","Dichapetalum rudatisii","Dichapetalaceae","Dichapetalum","Engl."
"Dichapetalum rugosum","Dichapetalum rugosum","Accepted",2766045,"79425-2","Dichapetalum rugosum","Dichapetalaceae","Dichapetalum","(Vahl) Prance"
"Dichapetalum sessiliflorum","Dichapetalum sessiliflorum","Accepted",2766061,"316351-1","Dichapetalum sessiliflorum","Dichapetalaceae","Dichapetalum","Leenh."
"Dichapetalum spruceanum","Dichapetalum spruceanum","Accepted",2766068,"79429-2","Dichapetalum spruceanum","Dichapetalaceae","Dichapetalum","Baill."
"Dicranostyles longifolia","Dicranostyles longifolia","Accepted",485355,"79960-2","Dicranostyles longifolia","Convolvulaceae","Dicranostyles","Ducke"
"Dicranostyles scandens","Dicranostyles scandens","Accepted",485357,"79962-2","Dicranostyles scandens","Convolvulaceae","Dicranostyles","Benth."
"Dicranostyles sericea","Dicranostyles sericea","Accepted",485358,"79963-2","Dicranostyles sericea","Convolvulaceae","Dicranostyles","Gleason"
"Dictyophleba ochracea","Dictyophleba ochracea","Accepted",61484,"78222-1","Dictyophleba ochracea","Apocynaceae","Dictyophleba","(K.Schum. ex Hallier f.) Pichon"
"Dictyophleba stipulosa","Dictyophleba stipulosa","Accepted",61487,"78224-1","Dictyophleba stipulosa","Apocynaceae","Dictyophleba","(S.Moore ex Wernham) Pichon"
"Dilkea acuminata","Dilkea acuminata","Accepted",2768201,"674421-1","Dilkea acuminata","Passifloraceae","Dilkea","Mast."
"Dilkea retusa","Dilkea retusa","Accepted",2768207,"674426-1","Dilkea retusa","Passifloraceae","Dilkea","Mast."
"Dioclea dictyoneura","Dioclea dictyoneura","Synonym",3245282,"77212309-1","Macropsychanthus dictyoneurus","Fabaceae","Macropsychanthus","(Diels) L.P.Queiroz & Snak"
"Dioclea megacarpa","Dioclea megacarpa","Synonym",3245245,"77212324-1","Macropsychanthus megacarpus","Fabaceae","Macropsychanthus","(Rolfe) L.P.Queiroz & Snak"
"Dioclea schimpffii","Dioclea schimpffii","Synonym",3245235,"77212329-1","Macropsychanthus schimpffii","Fabaceae","Macropsychanthus","(Diels) L.P.Queiroz & Snak"
"Diplopterys cabrerana","Diplopterys cabrerana","Accepted",2771181,"81736-2","Diplopterys cabrerana","Malpighiaceae","Diplopterys","(Cuatrec.) B.Gates"
"Diplopterys lutea","Diplopterys lutea","Accepted",2604190,"60444587-2","Diplopterys lutea","Malpighiaceae","Diplopterys","(Ruiz ex Griseb.) W.R.Anderson & C.Davis"
"Dipteropeltis poranoides","Dipteropeltis poranoides","Accepted",485376,"267793-1","Dipteropeltis poranoides","Convolvulaceae","Dipteropeltis","Hallier f."
"Disciphania inversa","Disciphania inversa","Accepted",2772722,"82149-2","Disciphania inversa","Menispermaceae","Disciphania","Barneby"
"Disciphania juliflora","Disciphania juliflora","Accepted",2772723,"82150-2","Disciphania juliflora","Menispermaceae","Disciphania","Barneby"
"Dolichandra chodatii","Dolichandra chodatii","Accepted",320924,"77141983-1","Dolichandra chodatii","Bignoniaceae","Dolichandra","(Hassl.) L.G.Lohmann"
"Dolichandra quadrivalvis","Dolichandra quadrivalvis","Accepted",320926,"77100464-1","Dolichandra quadrivalvis","Bignoniaceae","Dolichandra","(Jacq.) L.G.Lohmann"
"Dolichandra steyermarkii","Dolichandra steyermarkii","Accepted",320927,"77100465-1","Dolichandra steyermarkii","Bignoniaceae","Dolichandra","(Sandwith) L.G.Lohmann"
"Dolichandra uncata","Dolichandra uncata","Accepted",320928,"77100511-1","Dolichandra uncata","Bignoniaceae","Dolichandra","(Andrews) L.G.Lohmann"
"Dolichandra unguiculata","Dolichandra unguiculata","Accepted",320929,"77141985-1","Dolichandra unguiculata","Bignoniaceae","Dolichandra","(Vell.) L.G.Lohmann"
"Dolichandra unguis-cati","Dolichandra unguis-cati","Accepted",320930,"77100466-1","Dolichandra unguis-cati","Bignoniaceae","Dolichandra","(L.) L.G.Lohmann"
"Doliocarpus amazonicus","Doliocarpus amazonicus","Accepted",2774680,"82900-2","Doliocarpus amazonicus","Dilleniaceae","Doliocarpus","Sleumer"
"Doliocarpus dentatus","Doliocarpus dentatus","Accepted",2774704,"82916-2","Doliocarpus dentatus","Dilleniaceae","Doliocarpus","(Aubl.) Standl."
"Doliocarpus macrocarpus","Doliocarpus macrocarpus","Accepted",2774737,"316807-1","Doliocarpus macrocarpus","Dilleniaceae","Doliocarpus","Mart. ex Eichler"
"Doliocarpus magnificus","Doliocarpus magnificus","Accepted",2774738,"82929-2","Doliocarpus magnificus","Dilleniaceae","Doliocarpus","Sleumer"
"Doliocarpus major","Doliocarpus major","Accepted",2774739,"30327947-2","Doliocarpus major","Dilleniaceae","Doliocarpus","J.F.Gmel."
"Doliocarpus multiflorus","Doliocarpus multiflorus","Accepted",2774741,"82931-2","Doliocarpus multiflorus","Dilleniaceae","Doliocarpus","Standl."
"Doliocarpus olivaceus","Doliocarpus olivaceus","Accepted",2774746,"316817-1","Doliocarpus olivaceus","Dilleniaceae","Doliocarpus","Sprague & R.O.Williams ex G.E.Hunter"
"Duparquetia orchidacea","Duparquetia orchidacea","Accepted",2779362,"380758-1","Duparquetia orchidacea","Fabaceae","Duparquetia","Baill."
"Elachyptera bipindensis","Elachyptera bipindensis","Accepted",2784967,"430980-1","Elachyptera bipindensis","Celastraceae","Elachyptera","(Loes. ex Fritsch) R.Wilczek"
"Elachyptera micrantha","Elachyptera micrantha","Accepted",2784972,"88948-2","Elachyptera micrantha","Celastraceae","Elachyptera","(Cambess.) A.C.Sm."
"Embelia ribes","Embelia ribes","Accepted",2788183,"588451-1","Embelia ribes","Primulaceae","Embelia","Burm.f."
"Enkleia malaccensis","Enkleia malaccensis","Accepted",2789360,"831634-1","Enkleia malaccensis","Thymelaeaceae","Enkleia","Griff."
"Entada gigas","Entada gigas","Accepted",2789451,"1078643-2","Entada gigas","Fabaceae","Entada","(L.) Fawc. & Rendle"
"Erycibe borneensis","Erycibe borneensis","Accepted",485882,"267849-1","Erycibe borneensis","Convolvulaceae","Erycibe","(Merr.) Hoogland"
"Erycibe glomerata","Erycibe glomerata","Accepted",485909,"267878-1","Erycibe glomerata","Convolvulaceae","Erycibe","Blume"
"Erycibe henryi","Erycibe henryi","Accepted",485918,"267885-1","Erycibe henryi","Convolvulaceae","Erycibe","Prain"
"Erycibe subspicata","Erycibe subspicata","Accepted",485970,"267937-1","Erycibe subspicata","Convolvulaceae","Erycibe","Wall. ex G.Don"
"Euphorbia colletioides","Euphorbia colletioides","Accepted",79036,"101413-2","Euphorbia colletioides","Euphorbiaceae","Euphorbia","Benth."
"Faradaya splendida","Faradaya splendida","Synonym",521703,"77155760-1","Oxera splendida","Lamiaceae","Oxera","(F.Muell.) Gâteblé & Barrabé"
"Fevillea cordifolia","Fevillea cordifolia","Accepted",2809250,"104422-2","Fevillea cordifolia","Cucurbitaceae","Fevillea","L."
"Fevillea pergamentacea","Fevillea pergamentacea","Accepted",2809265,"104429-2","Fevillea pergamentacea","Cucurbitaceae","Fevillea","(Kuntze) Cogn."
"Ficus punctata","Ficus punctata","Accepted",2811933,"853516-1","Ficus punctata","Moraceae","Ficus","Thunb."
"Fischeria stellata","Fischeria stellata","Accepted",505513,"97427-1","Fischeria stellata","Apocynaceae","Fischeria","(Vell.) E.Fourn."
"Fissistigma glaucescens","Fissistigma glaucescens","Accepted",2813095,"73020-1","Fissistigma glaucescens","Annonaceae","Fissistigma","(Hance) Merr."
"Flagellaria indica","Flagellaria indica","Accepted",246142,"366164-1","Flagellaria indica","Flagellariaceae","Flagellaria","L."
"Forsteronia acouci","Forsteronia acouci","Accepted",84672,"79018-1","Forsteronia acouci","Apocynaceae","Forsteronia","(Aubl.) A.DC."
"Forsteronia affinis","Forsteronia affinis","Accepted",84676,"79021-1","Forsteronia affinis","Apocynaceae","Forsteronia","Müll.Arg."
"Forsteronia amblybasis","Forsteronia amblybasis","Accepted",84679,"105350-2","Forsteronia amblybasis","Apocynaceae","Forsteronia","S.F.Blake"
"Forsteronia graciloides","Forsteronia graciloides","Accepted",84711,"105364-2","Forsteronia graciloides","Apocynaceae","Forsteronia","Woodson"
"Forsteronia myriantha","Forsteronia myriantha","Accepted",84733,"105373-2","Forsteronia myriantha","Apocynaceae","Forsteronia","Donn.Sm."
"Forsteronia spicata","Forsteronia spicata","Accepted",84768,"79089-1","Forsteronia spicata","Apocynaceae","Forsteronia","(Jacq.) G.Mey."
"Forsteronia subcordata","Forsteronia subcordata","Accepted",84769,"105389-2","Forsteronia subcordata","Apocynaceae","Forsteronia","K.Schum. ex Woodson"
"Freycinetia excelsa","Freycinetia excelsa","Accepted",306205,"670451-1","Freycinetia excelsa","Pandanaceae","Freycinetia","F.Muell."
"Freycinetia formosana","Freycinetia formosana","Accepted",306214,"670456-1","Freycinetia formosana","Pandanaceae","Freycinetia","Hemsl."
"Freycinetia novocaledonica","Freycinetia novocaledonica","Accepted",306352,"670552-1","Freycinetia novocaledonica","Pandanaceae","Freycinetia","Warb."
"Fridericia candicans","Fridericia candicans","Accepted",317233,"77141989-1","Fridericia candicans","Bignoniaceae","Fridericia","(Rich.) L.G.Lohmann"
"Fridericia caudigera","Fridericia caudigera","Accepted",317325,"77141991-1","Fridericia caudigera","Bignoniaceae","Fridericia","(S.Moore) L.G.Lohmann"
"Fridericia chica","Fridericia chica","Accepted",317403,"77142115-1","Fridericia chica","Bignoniaceae","Fridericia","(Bonpl.) L.G.Lohmann"
"Fridericia cinnamomea","Fridericia cinnamomea","Accepted",317591,"77141994-1","Fridericia cinnamomea","Bignoniaceae","Fridericia","(DC.) L.G.Lohmann"
"Fridericia conjugata","Fridericia conjugata","Accepted",317593,"77141996-1","Fridericia conjugata","Bignoniaceae","Fridericia","(Vell.) L.G.Lohmann"
"Fridericia dichotoma","Fridericia dichotoma","Synonym",537340,"77206590-1","Tanaecium dichotomum","Bignoniaceae","Tanaecium","(Jacq.) Kaehler & L.G.Lohmann"
"Fridericia fagoides","Fridericia fagoides","Accepted",319035,"77142009-1","Fridericia fagoides","Bignoniaceae","Fridericia","(Cham.) L.G.Lohmann"
"Fridericia fanshawei","Fridericia fanshawei","Accepted",319036,"77142010-1","Fridericia fanshawei","Bignoniaceae","Fridericia","(Sandwith) L.G.Lohmann"
"Fridericia florida","Fridericia florida","Accepted",319224,"77142012-1","Fridericia florida","Bignoniaceae","Fridericia","(DC.) L.G.Lohmann"
"Fridericia japurensis","Fridericia japurensis","Accepted",319241,"77142016-1","Fridericia japurensis","Bignoniaceae","Fridericia","(DC.) L.G.Lohmann"
"Fridericia mollis","Fridericia mollis","Accepted",319246,"77142037-1","Fridericia mollis","Bignoniaceae","Fridericia","(Vahl) L.G.Lohmann"
"Fridericia mollissima","Fridericia mollissima","Accepted",320267,"77142038-1","Fridericia mollissima","Bignoniaceae","Fridericia","(Kunth) L.G.Lohmann"
"Fridericia oxycarpa","Fridericia oxycarpa","Accepted",321029,"77142048-1","Fridericia oxycarpa","Bignoniaceae","Fridericia","(Urb.) L.G.Lohmann"
"Fridericia patellifera","Fridericia patellifera","Accepted",321038,"77142052-1","Fridericia patellifera","Bignoniaceae","Fridericia","(Schltdl.) L.G.Lohmann"
"Fridericia pearcei","Fridericia pearcei","Accepted",321040,"77142053-1","Fridericia pearcei","Bignoniaceae","Fridericia","(Rusby) L.G.Lohmann"
"Fridericia platyphylla","Fridericia platyphylla","Accepted",317212,"77142054-1","Fridericia platyphylla","Bignoniaceae","Fridericia","(Cham.) L.G.Lohmann"
"Fridericia poeppigii","Fridericia poeppigii","Accepted",321043,"77142057-1","Fridericia poeppigii","Bignoniaceae","Fridericia","(DC.) L.G.Lohmann"
"Fridericia prancei","Fridericia prancei","Accepted",321044,"77142058-1","Fridericia prancei","Bignoniaceae","Fridericia","(A.H.Gentry) L.G.Lohmann"
"Fridericia pubescens","Fridericia pubescens","Accepted",321045,"77142059-1","Fridericia pubescens","Bignoniaceae","Fridericia","(L.) L.G.Lohmann"
"Fridericia schumanniana","Fridericia schumanniana","Accepted",321058,"77142063-1","Fridericia schumanniana","Bignoniaceae","Fridericia","(Loes.) L.G.Lohmann"
"Fridericia spicata","Fridericia spicata","Accepted",321049,"77142066-1","Fridericia spicata","Bignoniaceae","Fridericia","(Bureau & K.Schum.) L.G.Lohmann"
"Fridericia trailii","Fridericia trailii","Accepted",321053,"77142080-1","Fridericia trailii","Bignoniaceae","Fridericia","(Sprague) L.G.Lohmann"
"Fridericia truncata","Fridericia truncata","Accepted",321055,"77142082-1","Fridericia truncata","Bignoniaceae","Fridericia","(Sprague) L.G.Lohmann"
"Fridericia tuberculata","Fridericia tuberculata","Accepted",321056,"77142083-1","Fridericia tuberculata","Bignoniaceae","Fridericia","(DC.) L.G.Lohmann"
"Fridericia viscida","Fridericia viscida","Accepted",321059,"77142085-1","Fridericia viscida","Bignoniaceae","Fridericia","(Donn.Sm.) L.G.Lohmann"
"Garcinia balansae","Garcinia balansae","Accepted",2816692,"427817-1","Garcinia balansae","Clusiaceae","Garcinia","Pierre"
"Garcinia ledermannii","Garcinia ledermannii","Accepted",2816944,"428043-1","Garcinia ledermannii","Clusiaceae","Garcinia","Lauterb."
"Glossocarya mollis","Glossocarya mollis","Accepted",91022,"862919-1","Glossocarya mollis","Lamiaceae","Glossocarya","Wall. ex Griff."
"Gmelina elliptica","Gmelina elliptica","Accepted",91192,"862937-1","Gmelina elliptica","Lamiaceae","Gmelina","Sm."
"Gnetum gnemonoides","Gnetum gnemonoides","Accepted",334129,"383521-1","Gnetum gnemonoides","Gnetaceae","Gnetum","Brongn."
"Gnetum latifolium","Gnetum latifolium","Accepted",334138,"383530-1","Gnetum latifolium","Gnetaceae","Gnetum","Blume"
"Gnetum ula","Gnetum ula","Illegitimate",334110,"383515-1","Gnetum edule","Gnetaceae","Gnetum","(Willd.) Blume"
"Gouania frangulifolia","Gouania frangulifolia","Accepted",2831420,"717458-1","Gouania frangulifolia","Rhamnaceae","Gouania","Radlk."
"Gouania lineata","Gouania lineata","Accepted",2831449,"717483-1","Gouania lineata","Rhamnaceae","Gouania","Tul."
"Gouania longipetala","Gouania longipetala","Accepted",2831451,"717484-1","Gouania longipetala","Rhamnaceae","Gouania","Hemsl."
"Gouania lupuloides","Gouania lupuloides","Accepted",2831453,"112858-2","Gouania lupuloides","Rhamnaceae","Gouania","(L.) Urb."
"Gouania stipularis","Gouania stipularis","Accepted",2831501,"317925-2","Gouania stipularis","Rhamnaceae","Gouania","Moc. & Sessé ex DC."
"Graffenrieda anomala","Graffenrieda anomala","Accepted",3018461,"568728-1","Graffenrieda anomala","Melastomataceae","Graffenrieda","Triana"
"Gurania lobata","Gurania lobata","Accepted",2835176,"1010655-1","Gurania lobata","Cucurbitaceae","Gurania","(L.) Pruski"
"Gurania makoyana","Gurania makoyana","Accepted",2835182,"292814-1","Gurania makoyana","Cucurbitaceae","Gurania","(Lem.) Cogn."
"Gurania pedata","Gurania pedata","Accepted",2835198,"114861-2","Gurania pedata","Cucurbitaceae","Gurania","Sprague"
"Heisteria scandens","Heisteria scandens","Accepted",2842081,"118633-2","Heisteria scandens","Olacaceae","Heisteria","Ducke"
"Herreria montevidensis","Herreria montevidensis","Accepted",277904,"536436-1","Herreria montevidensis","Asparagaceae","Herreria","Klotzsch ex Griseb."
"Heteropterys palmeri","Heteropterys palmeri","Accepted",2848357,"121293-2","Heteropterys palmeri","Malpighiaceae","Heteropterys","Rose"
"Hippocratea volubilis","Hippocratea volubilis","Accepted",2851375,"161653-1","Hippocratea volubilis","Celastraceae","Hippocratea","L."
"Hiraea fagifolia","Hiraea fagifolia","Accepted",2851750,"556804-1","Hiraea fagifolia","Malpighiaceae","Hiraea","(DC.) A.Juss."
"Hiraea grandifolia","Hiraea grandifolia","Accepted",2851779,"556820-1","Hiraea grandifolia","Malpighiaceae","Hiraea","Standl. & L.O.Williams"
"Hiraea obovata","Hiraea obovata","Accepted",2851830,"123025-2","Hiraea obovata","Malpighiaceae","Hiraea","Huber"
"Hiraea quapara","Hiraea quapara","Accepted",2851872,"1028163-2","Hiraea quapara","Malpighiaceae","Hiraea","(Aubl.) Sprague"
"Hiraea reclinata","Hiraea reclinata","Accepted",2851876,"556914-1","Hiraea reclinata","Malpighiaceae","Hiraea","Jacq."
"Hugonia macrophylla","Hugonia macrophylla","Accepted",2854813,"544227-1","Hugonia macrophylla","Linaceae","Hugonia","Oliv."
"Hugonia penicillanthemum","Hugonia penicillanthemum","Accepted",2854826,"544242-1","Hugonia penicillanthemum","Linaceae","Hugonia","Baill. ex Pancher & Sebert"
"Hugonia planchonii","Hugonia planchonii","Accepted",2854828,"544244-1","Hugonia planchonii","Linaceae","Hugonia","Hook.f."
"Hugonia serrata","Hugonia serrata","Accepted",2854837,"544255-1","Hugonia serrata","Linaceae","Hugonia","Lam."
"Hugonia spicata","Hugonia spicata","Accepted",2854839,"544257-1","Hugonia spicata","Linaceae","Hugonia","Oliv."
"Hydrangea serratifolia","Hydrangea serratifolia","Accepted",2855798,"791683-1","Hydrangea serratifolia","Hydrangeaceae","Hydrangea","(Hook. & Arn.) F.Phil."
"Hylenaea praecelsa","Hylenaea praecelsa","Accepted",2856845,"125377-2","Hylenaea praecelsa","Celastraceae","Hylenaea","(Miers) A.C.Sm."
"Hyperbaena domingensis","Hyperbaena domingensis","Accepted",2857573,"580887-1","Hyperbaena domingensis","Menispermaceae","Hyperbaena","(DC.) Benth."
"Hypserpa laurina","Hypserpa laurina","Accepted",2859594,"101873-3","Hypserpa laurina","Menispermaceae","Hypserpa","(F.Muell.) Diels"
"Indorouchera griffithiana","Indorouchera griffithiana","Synonym",3228288,"77184129-1","Hugonia griffithiana","Linaceae","Hugonia","(Planch.) Byng & Christenh."
"Iodes klaineana","Iodes klaineana","Accepted",2866069,"607941-1","Iodes klaineana","Icacinaceae","Iodes","Pierre"
"Ipomoea phyllomega","Ipomoea phyllomega","Orthographic",480356,"129579-2","Ipomoea philomega","Convolvulaceae","Ipomoea","(Vell.) House"
"Iresine angustifolia","Iresine angustifolia","Accepted",2866533,"60727-1","Iresine angustifolia","Amaranthaceae","Iresine","Euphrasén"
"Iresine diffusa","Iresine diffusa","Accepted",2866580,"129900-2","Iresine diffusa","Amaranthaceae","Iresine","Humb. & Bonpl. ex Willd."
"Iresine interrupta","Iresine interrupta","Accepted",2866629,"60784-1","Iresine interrupta","Amaranthaceae","Iresine","Benth."
"Ischnosiphon killipii","Ischnosiphon killipii","Accepted",250024,"130282-2","Ischnosiphon killipii","Marantaceae","Ischnosiphon","J.F.Macbr."
"Jasminum anodontum","Jasminum anodontum","Accepted",351753,"609333-1","Jasminum anodontum","Oleaceae","Jasminum","Gagnep."
"Jubelina wilburii","Jubelina wilburii","Accepted",2331449,"131720-2","Jubelina wilburii","Malpighiaceae","Jubelina","W.R.Anderson"
"Landolphia dulcis","Landolphia dulcis","Accepted",107687,"79607-1","Landolphia dulcis","Apocynaceae","Landolphia","(Sabine ex G.Don) Pichon"
"Landolphia incerta","Landolphia incerta","Accepted",107717,"969158-1","Landolphia incerta","Apocynaceae","Landolphia","(K.Schum.) J.G.M.Pers."
"Landolphia owariensis","Landolphia owariensis","Accepted",107760,"79672-1","Landolphia owariensis","Apocynaceae","Landolphia","P.Beauv."
"Landolphia togolana","Landolphia togolana","Accepted",107818,"79714-1","Landolphia togolana","Apocynaceae","Landolphia","(Hallier f.) Pichon"
"Leptoderris aurantiaca","Leptoderris aurantiaca","Accepted",2345815,"502296-1","Leptoderris aurantiaca","Fabaceae","Leptoderris","Dunn"
"Leretia cordata","Leretia cordata","Accepted",2348660,"607989-1","Leretia cordata","Icacinaceae","Leretia","Vell."
"Loeseneriella africana","Loeseneriella africana","Accepted",2340392,"431092-1","Loeseneriella africana","Celastraceae","Loeseneriella","(Willd.) R.Wilczek"
"Loeseneriella clematoides","Loeseneriella clematoides","Accepted",2339036,"431098-1","Loeseneriella clematoides","Celastraceae","Loeseneriella","(Loes.) R.Wilczek"
"Loeseneriella rowlandii","Loeseneriella rowlandii","Accepted",2339063,"161722-1","Loeseneriella rowlandii","Celastraceae","Loeseneriella","(Loes.) N.Hallé"
"Lundia corymbifera","Lundia corymbifera","Accepted",317488,"144645-2","Lundia corymbifera","Bignoniaceae","Lundia","(Vahl) Sandwith"
"Lundia densiflora","Lundia densiflora","Accepted",317490,"109918-1","Lundia densiflora","Bignoniaceae","Lundia","DC."
"Lundia puberula","Lundia puberula","Accepted",317462,"144659-2","Lundia puberula","Bignoniaceae","Lundia","Pittier"
"Lundia spruceana","Lundia spruceana","Accepted",317466,"109939-1","Lundia spruceana","Bignoniaceae","Lundia","Bureau"
"Luvunga sarmentosa","Luvunga sarmentosa","Accepted",2498409,"774221-1","Luvunga sarmentosa","Rutaceae","Luvunga","(Blume) Kurz"
"Lycianthes purpusii","Lycianthes purpusii","Accepted",2496244,"146595-2","Lycianthes purpusii","Solanaceae","Lycianthes","(Brandegee) Bitter"
"Machaerium arboreum","Machaerium arboreum","Accepted",2365690,"505373-1","Machaerium arboreum","Fabaceae","Machaerium","(Jacq.) Vogel"
"Machaerium caudatum","Machaerium caudatum","Accepted",2365713,"148480-2","Machaerium caudatum","Fabaceae","Machaerium","Ducke"
"Machaerium cuspidatum","Machaerium cuspidatum","Accepted",2365694,"148494-2","Machaerium cuspidatum","Fabaceae","Machaerium","Kuhlm. & Hoehne"
"Machaerium floribundum","Machaerium floribundum","Accepted",2365628,"148516-2","Machaerium floribundum","Fabaceae","Machaerium","Benth."
"Machaerium humboldtianum","Machaerium humboldtianum","Accepted",2365662,"505470-1","Machaerium humboldtianum","Fabaceae","Machaerium","Vogel"
"Machaerium kegelii","Machaerium kegelii","Accepted",2366353,"505481-1","Machaerium kegelii","Fabaceae","Machaerium","Meisn."
"Machaerium latifolium","Machaerium latifolium","Accepted",2366358,"148552-2","Machaerium latifolium","Fabaceae","Machaerium","Rusby"
"Machaerium leiophyllum","Machaerium leiophyllum","Accepted",2366332,"505493-1","Machaerium leiophyllum","Fabaceae","Machaerium","(DC.) Benth."
"Machaerium macrophyllum","Machaerium macrophyllum","Accepted",2366378,"505507-1","Machaerium macrophyllum","Fabaceae","Machaerium","Benth."
"Machaerium moritzianum","Machaerium moritzianum","Accepted",2366369,"505520-1","Machaerium moritzianum","Fabaceae","Machaerium","Benth."
"Machaerium multifoliolatum","Machaerium multifoliolatum","Accepted",2366364,"148573-2","Machaerium multifoliolatum","Fabaceae","Machaerium","Ducke"
"Machaerium mutisii","Machaerium mutisii","Accepted",2366366,"148575-2","Machaerium mutisii","Fabaceae","Machaerium","Killip ex Rudd"
"Machaerium myrianthum","Machaerium myrianthum","Accepted",2366375,"505528-1","Machaerium myrianthum","Fabaceae","Machaerium","Spruce ex Benth."
"Machaerium oblongifolium","Machaerium oblongifolium","Accepted",2366330,"505534-1","Machaerium oblongifolium","Fabaceae","Machaerium","Vogel"
"Machaerium peruvianum","Machaerium peruvianum","Accepted",2366275,"148593-2","Machaerium peruvianum","Fabaceae","Machaerium","J.F.Macbr."
"Machaerium quinata","Machaerium quinata","Accepted",2366455,"148599-2","Machaerium quinata","Fabaceae","Machaerium","(Aubl.) Sandwith"
"Machaerium seemannii","Machaerium seemannii","Accepted",2366503,"505582-1","Machaerium seemannii","Fabaceae","Machaerium","Benth. ex Seem."
"Mandevilla veraguasensis","Mandevilla veraguasensis","Accepted",119399,"80112-1","Mandevilla veraguasensis","Apocynaceae","Mandevilla","(Seem.) Hemsl."
"Manekia incurva","Manekia incurva","Accepted",2510980,"60443067-2","Manekia incurva","Piperaceae","Manekia","(Sieber) T.Arias, Callejas & Bornst."
"Manihot chlorosticta","Manihot chlorosticta","Accepted",119764,"152379-2","Manihot chlorosticta","Euphorbiaceae","Manihot","Standl. & Goldman"
"Manniophyton fulvum","Manniophyton fulvum","Accepted",120292,"351978-1","Manniophyton fulvum","Euphorbiaceae","Manniophyton","Müll.Arg."
"Mansoa alliacea","Mansoa alliacea","Accepted",317544,"152672-2","Mansoa alliacea","Bignoniaceae","Mansoa","(Lam.) A.H.Gentry"
"Mansoa difficilis","Mansoa difficilis","Accepted",317569,"152674-2","Mansoa difficilis","Bignoniaceae","Mansoa","(Cham.) Bureau & K.Schum."
"Mansoa hymenaea","Mansoa hymenaea","Accepted",317565,"152677-2","Mansoa hymenaea","Bignoniaceae","Mansoa","(DC.) A.H.Gentry"
"Mansoa parvifolia","Mansoa parvifolia","Accepted",317571,"152682-2","Mansoa parvifolia","Bignoniaceae","Mansoa","(A.H.Gentry) A.H.Gentry"
"Mansoa standleyi","Mansoa standleyi","Accepted",317626,"152684-2","Mansoa standleyi","Bignoniaceae","Mansoa","(Steyerm.) A.H.Gentry"
"Mansoa verrucifera","Mansoa verrucifera","Accepted",317614,"152688-2","Mansoa verrucifera","Bignoniaceae","Mansoa","(Schltdl.) A.H.Gentry"
"Marcgraviastrum sodiroi","Marcgraviastrum sodiroi","Accepted",2506015,"1048117-2","Marcgraviastrum sodiroi","Marcgraviaceae","Marcgraviastrum","(Gilg) Bedell ex S.Dressler"
"Maripa axilliflora","Maripa axilliflora","Accepted",479132,"270441-1","Maripa axilliflora","Convolvulaceae","Maripa","Mart. ex Meisn."
"Maripa glabra","Maripa glabra","Accepted",479317,"153242-2","Maripa glabra","Convolvulaceae","Maripa","Choisy"
"Maripa nicaraguensis","Maripa nicaraguensis","Accepted",479312,"270455-1","Maripa nicaraguensis","Convolvulaceae","Maripa","Hemsl."
"Maripa panamensis","Maripa panamensis","Accepted",479136,"270456-1","Maripa panamensis","Convolvulaceae","Maripa","Hemsl."
"Maripa peruviana","Maripa peruviana","Accepted",479310,"153251-2","Maripa peruviana","Convolvulaceae","Maripa","Ooststr."
"Marsdenia altissima","Marsdenia altissima","Synonym",536569,"60478412-2","Ruehssia altissima","Apocynaceae","Ruehssia","(Jacq.) F.Esp.Santo & Rapini"
"Marsdenia macrophylla","Marsdenia macrophylla","Synonym",511001,"100911-1","Ruehssia macrophylla","Apocynaceae","Ruehssia","(Humb. & Bonpl. ex Schult.) H.Karst."
"Marsdenia tinctoria","Marsdenia tinctoria","Accepted",508308,"99325-1","Marsdenia tinctoria","Apocynaceae","Marsdenia","R.Br."
"Marsdenia undulata","Marsdenia undulata","Synonym",548957,"77214398-1","Ruehssia undulata","Apocynaceae","Ruehssia","(Jacq.) Liede & H.A.Keller"
"Martinella obovata","Martinella obovata","Accepted",317603,"153710-2","Martinella obovata","Bignoniaceae","Martinella","(Kunth) Bureau & K.Schum."
"Mascagnia brevifolia","Mascagnia brevifolia","Accepted",2504741,"557189-1","Mascagnia brevifolia","Malpighiaceae","Mascagnia","Griseb."
"Mascagnia divaricata","Mascagnia divaricata","Accepted",2504770,"1126391-2","Mascagnia divaricata","Malpighiaceae","Mascagnia","(Kunth) Nied."
"Mascagnia ovatifolia","Mascagnia ovatifolia","Accepted",2504714,"30237926-2","Mascagnia ovatifolia","Malpighiaceae","Mascagnia","(Kunth) Griseb."
"Melodinus australis","Melodinus australis","Accepted",124168,"80164-1","Melodinus australis","Apocynaceae","Melodinus","(F.Muell.) Pierre"
"Mendoncia flagellaris","Mendoncia flagellaris","Accepted",2362732,"52307-1","Mendoncia flagellaris","Acanthaceae","Mendoncia","(Baker) Benoist"
"Mendoncia glabra","Mendoncia glabra","Accepted",2362507,"52383-1","Mendoncia glabra","Acanthaceae","Mendoncia","Poepp."
"Mendoncia lindaviana","Mendoncia lindaviana","Accepted",2362690,"52329-1","Mendoncia lindaviana","Acanthaceae","Mendoncia","(Gilg) Benoist"
"Mendoncia mutisii","Mendoncia mutisii","Accepted",2362894,"157181-2","Mendoncia mutisii","Acanthaceae","Mendoncia","Leonard"
"Mendoncia pedunculata","Mendoncia pedunculata","Accepted",2362876,"157185-2","Mendoncia pedunculata","Acanthaceae","Mendoncia","Leonard"
"Mendoncia retusa","Mendoncia retusa","Accepted",2362923,"309179-2","Mendoncia retusa","Acanthaceae","Mendoncia","Turrill"
"Mendoncia tonduzii","Mendoncia tonduzii","Accepted",2362850,"157204-2","Mendoncia tonduzii","Acanthaceae","Mendoncia","Turrill"
"Merremia peltata","Merremia peltata","Synonym",525251,"77163209-1","Decalobanthus peltatus","Convolvulaceae","Decalobanthus","(L.) A.R.Simões & Staples"
"Mesechites trifidus","Mesechites trifidus","Accepted",125929,"30132318-2","Mesechites trifidus","Apocynaceae","Mesechites","(Jacq.) Müll.Arg."
"Mikania guaco","Mikania guaco","Accepted",2928833,"232913-1","Mikania guaco","Asteraceae","Mikania","Bonpl."
"Mikania leiostachya","Mikania leiostachya","Accepted",3128208,"232992-1","Mikania leiostachya","Asteraceae","Mikania","Benth."
"Mikania tonduzii","Mikania tonduzii","Accepted",3128769,"161299-2","Mikania tonduzii","Asteraceae","Mikania","B.L.Rob."
"Millettia barteri","Millettia barteri","Accepted",2368188,"507280-1","Millettia barteri","Fabaceae","Millettia","(Benth.) Dunn"
"Millettia puguensis","Millettia puguensis","Accepted",2367954,"507501-1","Millettia puguensis","Fabaceae","Millettia","J.B.Gillett"
"Mimosa guilandinae","Mimosa guilandinae","Accepted",2375038,"280943-2","Mimosa guilandinae","Fabaceae","Mimosa","(DC.) Barneby"
"Mitraria coccinea","Mitraria coccinea","Accepted",2371916,"381777-1","Mitraria coccinea","Gesneriaceae","Mitraria","Cav."
"Morinda canthoides","Morinda canthoides","Synonym",473262,"77117543-1","Gynochthodes canthoides","Rubiaceae","Gynochthodes","(F.Muell.) Razafim. & B.Bremer"
"Moutabea aculeata","Moutabea aculeata","Accepted",2509709,"690705-1","Moutabea aculeata","Polygalaceae","Moutabea","(Ruiz & Pav.) Poepp. & Endl."
"Mucuna gigantea","Mucuna gigantea","Accepted",2375486,"509198-1","Mucuna gigantea","Fabaceae","Mucuna","(Willd.) DC."
"Mucuna mutisiana","Mucuna mutisiana","Accepted",2375425,"509253-1","Mucuna mutisiana","Fabaceae","Mucuna","(Kunth) DC."
"Neoalsomitra clavigera","Neoalsomitra clavigera","Accepted",2377899,"1112092-2","Neoalsomitra clavigera","Cucurbitaceae","Neoalsomitra","(Wall.) Hutch."
"Neosepicaea jucunda","Neosepicaea jucunda","Accepted",317735,"110139-1","Neosepicaea jucunda","Bignoniaceae","Neosepicaea","(F.Muell.) Steenis"
"Neuropeltis acuminata","Neuropeltis acuminata","Accepted",479347,"270705-1","Neuropeltis acuminata","Convolvulaceae","Neuropeltis","(P.Beauv.) Benth."
"Nissolia fruticosa","Nissolia fruticosa","Accepted",2383195,"509727-1","Nissolia fruticosa","Fabaceae","Nissolia","Jacq."
"Nothocissus penninervis","Nothocissus penninervis","Synonym",2722766,"78687-3","Cissus penninervis","Vitaceae","Cissus","(F.Muell.) Planch."
"Odontadenia puncticulosa","Odontadenia puncticulosa","Accepted",137487,"291380-2","Odontadenia puncticulosa","Apocynaceae","Odontadenia","(Rich.) Pulle"
"Odontocarya diplobotrya","Odontocarya diplobotrya","Accepted",2397156,"172162-2","Odontocarya diplobotrya","Menispermaceae","Odontocarya","Diels"
"Omphalea diandra","Omphalea diandra","Accepted",139008,"352565-1","Omphalea diandra","Euphorbiaceae","Omphalea","L."
"Oncinotis glabrata","Oncinotis glabrata","Accepted",140117,"80624-1","Oncinotis glabrata","Apocynaceae","Oncinotis","(Baill.) Stapf ex Hiern"
"Oncinotis pontyi","Oncinotis pontyi","Accepted",140130,"80638-1","Oncinotis pontyi","Apocynaceae","Oncinotis","Dubard"
"Oncinotis tomentella","Oncinotis tomentella","Accepted",140135,"80643-1","Oncinotis tomentella","Apocynaceae","Oncinotis","Radlk."
"Oxera palmatinervia","Oxera palmatinervia","Accepted",144903,"863979-1","Oxera palmatinervia","Lamiaceae","Oxera","Dubard"
"Pachyptera kerere","Pachyptera kerere","Accepted",317929,"179923-2","Pachyptera kerere","Bignoniaceae","Pachyptera","(Aubl.) Sandwith"
"Pararistolochia macrocarpa","Pararistolochia macrocarpa","Synonym",2651615,"93099-1","Aristolochia macrocarpa","Aristolochiaceae","Aristolochia","Duch."
"Parsonsia laxiflora","Parsonsia laxiflora","Accepted",147916,"80945-1","Parsonsia laxiflora","Apocynaceae","Parsonsia","Guillaumin"
"Parthenocissus quinquefolia","Parthenocissus quinquefolia","Accepted",2548124,"184091-2","Parthenocissus quinquefolia","Vitaceae","Parthenocissus","(L.) Planch."
"Passiflora ambigua","Passiflora ambigua","Accepted",2559944,"184791-2","Passiflora ambigua","Passifloraceae","Passiflora","Hemsl."
"Passiflora auriculata","Passiflora auriculata","Accepted",2559957,"674805-1","Passiflora auriculata","Passifloraceae","Passiflora","Kunth"
"Passiflora multiflora","Passiflora multiflora","Accepted",2560143,"675237-1","Passiflora multiflora","Passifloraceae","Passiflora","L."
"Passiflora nitida","Passiflora nitida","Accepted",2560160,"675263-1","Passiflora nitida","Passifloraceae","Passiflora","Kunth"
"Passiflora pyrrhantha","Passiflora pyrrhantha","Accepted",2560193,"185145-2","Passiflora pyrrhantha","Passifloraceae","Passiflora","Harms"
"Passiflora serrulata","Passiflora serrulata","Accepted",2560205,"675457-1","Passiflora serrulata","Passifloraceae","Passiflora","Jacq."
"Passiflora spinosa","Passiflora spinosa","Accepted",2560231,"675480-1","Passiflora spinosa","Passifloraceae","Passiflora","(Poepp. & Endl.) Mast."
"Passiflora suberosa","Passiflora suberosa","Accepted",2560211,"321973-2","Passiflora suberosa","Passifloraceae","Passiflora","L."
"Passiflora vitifolia","Passiflora vitifolia","Accepted",2562841,"30044451-2","Passiflora vitifolia","Passifloraceae","Passiflora","Kunth"
"Paullinia acutangula","Paullinia acutangula","Accepted",2543068,"784047-1","Paullinia acutangula","Sapindaceae","Paullinia","Pers."
"Paullinia alata","Paullinia alata","Accepted",2543111,"784051-1","Paullinia alata","Sapindaceae","Paullinia","(Ruiz & Pav.) G.Don"
"Paullinia anisoptera","Paullinia anisoptera","Accepted",2543116,"784056-1","Paullinia anisoptera","Sapindaceae","Paullinia","Turcz."
"Paullinia bracteosa","Paullinia bracteosa","Accepted",2543024,"185601-2","Paullinia bracteosa","Sapindaceae","Paullinia","Radlk."
"Paullinia capreolata","Paullinia capreolata","Accepted",2543014,"784087-1","Paullinia capreolata","Sapindaceae","Paullinia","(Aubl.) Radlk."
"Paullinia clavigera","Paullinia clavigera","Accepted",2543035,"784100-1","Paullinia clavigera","Sapindaceae","Paullinia","Schltdl."
"Paullinia coriacea","Paullinia coriacea","Accepted",2543055,"784106-1","Paullinia coriacea","Sapindaceae","Paullinia","Casar."
"Paullinia costaricensis","Paullinia costaricensis","Accepted",2543057,"2928188-1","Paullinia costaricensis","Sapindaceae","Paullinia","Radlk."
"Paullinia costata","Paullinia costata","Accepted",2543058,"784108-1","Paullinia costata","Sapindaceae","Paullinia","Schltdl. & Cham."
"Paullinia cuneata","Paullinia cuneata","Accepted",2543042,"185623-2","Paullinia cuneata","Sapindaceae","Paullinia","Radlk."
"Paullinia cupana","Paullinia cupana","Accepted",2543056,"784110-1","Paullinia cupana","Sapindaceae","Paullinia","Kunth"
"Paullinia cururu","Paullinia cururu","Accepted",2543041,"784115-1","Paullinia cururu","Sapindaceae","Paullinia","L."
"Paullinia elegans","Paullinia elegans","Accepted",2543194,"784130-1","Paullinia elegans","Sapindaceae","Paullinia","Cambess."
"Paullinia enneaphylla","Paullinia enneaphylla","Accepted",2543186,"784134-1","Paullinia enneaphylla","Sapindaceae","Paullinia","G.Don"
"Paullinia eriocarpa","Paullinia eriocarpa","Accepted",2543201,"784136-1","Paullinia eriocarpa","Sapindaceae","Paullinia","Triana & Planch."
"Paullinia fuscescens","Paullinia fuscescens","Accepted",2543222,"784152-1","Paullinia fuscescens","Sapindaceae","Paullinia","Kunth"
"Paullinia glomerulosa","Paullinia glomerulosa","Accepted",2543228,"928233-1","Paullinia glomerulosa","Sapindaceae","Paullinia","Radlk."
"Paullinia granatensis","Paullinia granatensis","Accepted",2543210,"784156-1","Paullinia granatensis","Sapindaceae","Paullinia","(Planch. & Linden) Radlk."
"Paullinia grandifolia","Paullinia grandifolia","Accepted",2543212,"784158-1","Paullinia grandifolia","Sapindaceae","Paullinia","Benth. ex Radlk."
"Paullinia hystrix","Paullinia hystrix","Accepted",2543220,"185667-2","Paullinia hystrix","Sapindaceae","Paullinia","Radlk."
"Paullinia laeta","Paullinia laeta","Accepted",2543144,"928211-1","Paullinia laeta","Sapindaceae","Paullinia","Radlk."
"Paullinia leiocarpa","Paullinia leiocarpa","Accepted",2543125,"784185-1","Paullinia leiocarpa","Sapindaceae","Paullinia","Griseb."
"Paullinia mazanensis","Paullinia mazanensis","Accepted",2543165,"185685-2","Paullinia mazanensis","Sapindaceae","Paullinia","J.F.Macbr."
"Paullinia meliifolia","Paullinia meliifolia","Accepted",2543174,"784201-1","Paullinia meliifolia","Sapindaceae","Paullinia","Juss."
"Paullinia olivacea","Paullinia olivacea","Accepted",2543841,"185711-2","Paullinia olivacea","Sapindaceae","Paullinia","Radlk."
"Paullinia pachycarpa","Paullinia pachycarpa","Accepted",2543860,"784232-1","Paullinia pachycarpa","Sapindaceae","Paullinia","Benth."
"Paullinia pinnata","Paullinia pinnata","Accepted",2543867,"185718-2","Paullinia pinnata","Sapindaceae","Paullinia","L."
"Paullinia simulans","Paullinia simulans","Accepted",2543830,"185740-2","Paullinia simulans","Sapindaceae","Paullinia","J.F.Macbr."
"Paullinia sphaerocarpa","Paullinia sphaerocarpa","Accepted",2543762,"784289-1","Paullinia sphaerocarpa","Sapindaceae","Paullinia","Rich. ex Juss."
"Paullinia tarapotensis","Paullinia tarapotensis","Accepted",2543810,"185757-2","Paullinia tarapotensis","Sapindaceae","Paullinia","Radlk."
"Paullinia tenuifolia","Paullinia tenuifolia","Accepted",2543793,"185759-2","Paullinia tenuifolia","Sapindaceae","Paullinia","Standl. ex J.F.Macbr."
"Paullinia trigonia","Paullinia trigonia","Accepted",2543796,"784316-1","Paullinia trigonia","Sapindaceae","Paullinia","Vell."
"Paullinia turbacensis","Paullinia turbacensis","Accepted",2543955,"784325-1","Paullinia turbacensis","Sapindaceae","Paullinia","Kunth"
"Paullinia yoco","Paullinia yoco","Accepted",2543964,"185782-2","Paullinia yoco","Sapindaceae","Paullinia","R.E.Schult. & Killip"
"Pereskia sacharosa","Pereskia sacharosa","Synonym",2417557,"219427-2","Rhodocactus sacharosa","Cactaceae","Rhodocactus","(Griseb.) Backeb."
"Peritassa laevigata","Peritassa laevigata","Accepted",2408423,"190399-2","Peritassa laevigata","Celastraceae","Peritassa","(Hoffmanns. ex Link) A.C.Sm."
"Peritassa peruviana","Peritassa peruviana","Accepted",2408421,"190401-2","Peritassa peruviana","Celastraceae","Peritassa","(Miers) A.C.Sm."
"Petraeovitex multiflora","Petraeovitex multiflora","Accepted",150845,"864012-1","Petraeovitex multiflora","Lamiaceae","Petraeovitex","(Sm.) Merr."
"Petrea maynensis","Petrea maynensis","Accepted",150889,"311422-2","Petrea maynensis","Verbenaceae","Petrea","Huber"
"Petrea volubilis","Petrea volubilis","Accepted",150919,"330591-2","Petrea volubilis","Verbenaceae","Petrea","L."
"Pinochia peninsularis","Pinochia peninsularis","Accepted",347877,"77084117-1","Pinochia peninsularis","Apocynaceae","Pinochia","(Woodson) M.E.Endress & B.F.Hansen"
"Pinzona coriacea","Pinzona coriacea","Accepted",2411359,"317113-1","Pinzona coriacea","Dilleniaceae","Pinzona","Mart. & Zucc."
"Piper brachypodon","Piper brachypodon","Accepted",2559244,"680665-1","Piper brachypodon","Piperaceae","Piper","(Benth.) C.DC."
"Piper eustylum","Piper eustylum","Accepted",2558433,"197895-2","Piper eustylum","Piperaceae","Piper","Diels"
"Piper hispidum","Piper hispidum","Accepted",2558107,"681674-1","Piper hispidum","Piperaceae","Piper","Sw."
"Piper macropiper","Piper macropiper","Accepted",2568950,"682069-1","Piper macropiper","Piperaceae","Piper","Pennant"
"Piper multiplinervium","Piper multiplinervium","Accepted",2569730,"682301-1","Piper multiplinervium","Piperaceae","Piper","C.DC."
"Pisonia macranthocarpa","Pisonia macranthocarpa","Accepted",2553063,"200067-2","Pisonia macranthocarpa","Nyctaginaceae","Pisonia","(Donn.Sm.) Donn.Sm."
"Pleonotoma clematis","Pleonotoma clematis","Accepted",317889,"110410-1","Pleonotoma clematis","Bignoniaceae","Pleonotoma","(Kunth) Miers"
"Pleonotoma dendrotricha","Pleonotoma dendrotricha","Accepted",317888,"202074-2","Pleonotoma dendrotricha","Bignoniaceae","Pleonotoma","Sandwith"
"Pleonotoma melioides","Pleonotoma melioides","Accepted",317856,"202082-2","Pleonotoma melioides","Bignoniaceae","Pleonotoma","(S.Moore) A.H.Gentry"
"Pleonotoma variabilis","Pleonotoma variabilis","Accepted",317846,"110438-1","Pleonotoma variabilis","Bignoniaceae","Pleonotoma","(Jacq.) Miers"
"Pleurisanthes flava","Pleurisanthes flava","Accepted",2529575,"202157-2","Pleurisanthes flava","Icacinaceae","Pleurisanthes","Sandwith"
"Plukenetia penninervia","Plukenetia penninervia","Accepted",161496,"354962-1","Plukenetia penninervia","Euphorbiaceae","Plukenetia","Müll.Arg."
"Plukenetia serrata","Plukenetia serrata","Accepted",161501,"974255-1","Plukenetia serrata","Euphorbiaceae","Plukenetia","(Vell.) L.J.Gillespie"
"Plukenetia volubilis","Plukenetia volubilis","Accepted",161508,"354970-1","Plukenetia volubilis","Euphorbiaceae","Plukenetia","L."
"Podopterus cordifolius","Podopterus cordifolius","Accepted",2572411,"204640-2","Podopterus cordifolius","Polygonaceae","Podopterus","Rose & Standl."
"Polyporandra scandens","Polyporandra scandens","Synonym",2996250,"77143411-1","Iodes scandens","Icacinaceae","Iodes","(Becc.) Utteridge & Byng"
"Pothos scandens","Pothos scandens","Accepted",163823,"88366-1","Pothos scandens","Araceae","Pothos","L."
"Prestonia mollis","Prestonia mollis","Accepted",165379,"81387-1","Prestonia mollis","Apocynaceae","Prestonia","Kunth"
"Prestonia portobellensis","Prestonia portobellensis","Accepted",165394,"210135-2","Prestonia portobellensis","Apocynaceae","Prestonia","(Beurl.) Woodson"
"Prestonia robusta","Prestonia robusta","Accepted",165400,"210139-2","Prestonia robusta","Apocynaceae","Prestonia","Rusby"
"Prestonia rotundifolia","Prestonia rotundifolia","Accepted",165401,"210140-2","Prestonia rotundifolia","Apocynaceae","Prestonia","K.Schum. ex Woodson"
"Prestonia trifida","Prestonia trifida","Accepted",165415,"210147-2","Prestonia trifida","Apocynaceae","Prestonia","(Poepp.) Woodson"
"Prionostemma aspera","Prionostemma aspera","Accepted",2408510,"162403-1","Prionostemma aspera","Celastraceae","Prionostemma","(Lam.) Miers"
"Pristimera nervosa","Pristimera nervosa","Accepted",2530210,"210311-2","Pristimera nervosa","Celastraceae","Pristimera","(Miers) A.C.Sm."
"Pristimera tenuiflora","Pristimera tenuiflora","Accepted",2530208,"210313-2","Pristimera tenuiflora","Celastraceae","Pristimera","(Mart. ex Peyr.) A.C.Sm."
"Pseudogynoxys scabra","Pseudogynoxys scabra","Accepted",3085178,"211378-2","Pseudogynoxys scabra","Asteraceae","Pseudogynoxys","(Benth.) Cuatrec."
"Pseudosicydium acariaeanthum","Pseudosicydium acariaeanthum","Synonym",2903160,"77110583-1","Pteropepon acariaeanthus","Cucurbitaceae","Pteropepon","(Harms) H.Schaef. & S.S.Renner"
"Pueraria montana","Pueraria montana","Accepted",2537339,"516708-1","Pueraria montana","Fabaceae","Pueraria","(Lour.) Merr."
"Pycnobotrya nitida","Pycnobotrya nitida","Accepted",171095,"81488-1","Pycnobotrya nitida","Apocynaceae","Pycnobotrya","Benth."
"Pyrenacantha glabrescens","Pyrenacantha glabrescens","Accepted",2529568,"434543-1","Pyrenacantha glabrescens","Icacinaceae","Pyrenacantha","(Engl.) Engl."
"Pyrenacantha klaineana","Pyrenacantha klaineana","Accepted",2529564,"434548-1","Pyrenacantha klaineana","Icacinaceae","Pyrenacantha","Pierre ex Exell & Mendonça"
"Pyrostegia venusta","Pyrostegia venusta","Accepted",317830,"110483-1","Pyrostegia venusta","Bignoniaceae","Pyrostegia","(Ker Gawl.) Miers"
"Randia altiscandens","Randia altiscandens","Accepted",176149,"975261-1","Randia altiscandens","Rubiaceae","Randia","(Ducke) C.M.Taylor"
"Rhaphiostylis preussii","Rhaphiostylis preussii","Accepted",2425666,"608291-1","Rhaphiostylis preussii","Metteniusaceae","Rhaphiostylis","Engl."
"Rourea adenophora","Rourea adenophora","Accepted",2415839,"222721-2","Rourea adenophora","Connaraceae","Rourea","S.F.Blake"
"Rourea camptoneura","Rourea camptoneura","Accepted",2415830,"222729-2","Rourea camptoneura","Connaraceae","Rourea","Radlk."
"Rourea cuspidata","Rourea cuspidata","Accepted",2415859,"264748-1","Rourea cuspidata","Connaraceae","Rourea","Benth. ex Baker"
"Rourea glabra","Rourea glabra","Accepted",2416176,"264767-1","Rourea glabra","Connaraceae","Rourea","Kunth"
"Rourea krukovii","Rourea krukovii","Accepted",2416183,"222757-2","Rourea krukovii","Connaraceae","Rourea","Steyerm."
"Rourea surinamensis","Rourea surinamensis","Accepted",2416106,"264884-1","Rourea surinamensis","Connaraceae","Rourea","Miq."
"Roureopsis emarginata","Roureopsis emarginata","Synonym",2415861,"947206-1","Rourea emarginata","Connaraceae","Rourea","(Jack) Jongkind"
"Saba comorensis","Saba comorensis","Accepted",181004,"81757-1","Saba comorensis","Apocynaceae","Saba","(Bojer ex A.DC.) Pichon"
"Sabicea calycina","Sabicea calycina","Accepted",181117,"765821-1","Sabicea calycina","Rubiaceae","Sabicea","Benth."
"Sabicea panamensis","Sabicea panamensis","Accepted",181231,"224977-2","Sabicea panamensis","Rubiaceae","Sabicea","Wernham"
"Sabicea rosea","Sabicea rosea","Accepted",181247,"765933-1","Sabicea rosea","Rubiaceae","Sabicea","Hoyle"
"Salacia alata","Salacia alata","Accepted",2482369,"431149-1","Salacia alata","Celastraceae","Salacia","De Wild."
"Salacia alwynii","Salacia alwynii","Accepted",2482388,"284520-2","Salacia alwynii","Celastraceae","Salacia","Mennega"
"Salacia cordata","Salacia cordata","Accepted",2482347,"964785-1","Salacia cordata","Celastraceae","Salacia","(Miers) Mennega"
"Salacia debilis","Salacia debilis","Accepted",2482329,"162562-1","Salacia debilis","Celastraceae","Salacia","(G.Don) Walp."
"Salacia elegans","Salacia elegans","Accepted",2482510,"162580-1","Salacia elegans","Celastraceae","Salacia","Welw. ex Oliv."
"Salacia elliptica","Salacia elliptica","Accepted",2482490,"162581-1","Salacia elliptica","Celastraceae","Salacia","(Mart.) G.Don"
"Salacia erecta","Salacia erecta","Accepted",2482502,"162583-1","Salacia erecta","Celastraceae","Salacia","(G.Don) Walp."
"Salacia juruana","Salacia juruana","Accepted",2482430,"225458-2","Salacia juruana","Celastraceae","Salacia","Loes."
"Salacia longipes","Salacia longipes","Accepted",2481079,"943671-1","Salacia longipes","Celastraceae","Salacia","(Oliv.) N.Hallé"
"Salacia madagascariensis","Salacia madagascariensis","Accepted",2481061,"162635-1","Salacia madagascariensis","Celastraceae","Salacia","(Lam.) DC."
"Salacia nitida","Salacia nitida","Accepted",2481100,"162651-1","Salacia nitida","Celastraceae","Salacia","(Benth.) N.E.Br."
"Salacia senegalensis","Salacia senegalensis","Accepted",2481214,"162709-1","Salacia senegalensis","Celastraceae","Salacia","(Lam.) DC."
"Salacia zenkeri","Salacia zenkeri","Accepted",2481129,"431346-1","Salacia zenkeri","Celastraceae","Salacia","Loes."
"Salacighia letestuana","Salacighia letestuana","Accepted",2481133,"431359-1","Salacighia letestuana","Celastraceae","Salacighia","(Pellegr.) Blakelock"
"Schlegelia brachyantha","Schlegelia brachyantha","Accepted",318112,"110594-1","Schlegelia brachyantha","Schlegeliaceae","Schlegelia","Griseb."
"Schlegelia chocoensis","Schlegelia chocoensis","Accepted",318118,"229505-2","Schlegelia chocoensis","Schlegeliaceae","Schlegelia","A.H.Gentry"
"Schlegelia darienensis","Schlegelia darienensis","Accepted",318121,"229552-2","Schlegelia darienensis","Schlegeliaceae","Schlegelia","Sandwith"
"Schlegelia dressleri","Schlegelia dressleri","Accepted",318122,"229554-2","Schlegelia dressleri","Schlegeliaceae","Schlegelia","A.H.Gentry"
"Schlegelia fastigiata","Schlegelia fastigiata","Accepted",318124,"229555-2","Schlegelia fastigiata","Schlegeliaceae","Schlegelia","Schery"
"Schlegelia macrophylla","Schlegelia macrophylla","Accepted",318380,"229559-2","Schlegelia macrophylla","Schlegeliaceae","Schlegelia","Ducke"
"Schlegelia parviflora","Schlegelia parviflora","Accepted",318321,"229565-2","Schlegelia parviflora","Schlegeliaceae","Schlegelia","(Oerst.) Monach."
"Schlegelia scandens","Schlegelia scandens","Accepted",318317,"229573-2","Schlegelia scandens","Schlegeliaceae","Schlegelia","(Briq. & Spruce) Sandwith"
"Sciadotenia eichleriana","Sciadotenia eichleriana","Accepted",2601465,"230114-2","Sciadotenia eichleriana","Menispermaceae","Sciadotenia","Moldenke"
"Sciadotenia toxifera","Sciadotenia toxifera","Accepted",2601485,"581368-1","Sciadotenia toxifera","Menispermaceae","Sciadotenia","Krukoff & A.C.Sm."
"Secondatia densiflora","Secondatia densiflora","Accepted",190306,"231536-2","Secondatia densiflora","Apocynaceae","Secondatia","A.DC."
"Securidaca cacumina","Securidaca cacumina","Accepted",2599335,"296241-2","Securidaca cacumina","Polygalaceae","Securidaca","Wurdack"
"Securidaca coriacea","Securidaca coriacea","Accepted",2599319,"692673-1","Securidaca coriacea","Polygalaceae","Securidaca","Bonpl."
"Securidaca divaricata","Securidaca divaricata","Accepted",2599354,"692687-1","Securidaca divaricata","Polygalaceae","Securidaca","Nees & Mart."
"Securidaca diversifolia","Securidaca diversifolia","Accepted",2599353,"231560-2","Securidaca diversifolia","Polygalaceae","Securidaca","(L.) S.F.Blake"
"Selysia cordata","Selysia cordata","Accepted",2489729,"293892-1","Selysia cordata","Cucurbitaceae","Selysia","Cogn."
"Selysia prunifera","Selysia prunifera","Accepted",2489730,"293893-1","Selysia prunifera","Cucurbitaceae","Selysia","(Poepp. & Endl.) Cogn."
"Semialarium paniculatum","Semialarium paniculatum","Accepted",2480836,"913334-1","Semialarium paniculatum","Celastraceae","Semialarium","(Mart.) N.Hallé"
"Senegalia alemquerensis","Senegalia alemquerensis","Accepted",2605470,"60445195-2","Senegalia alemquerensis","Fabaceae","Senegalia","(Huber) Seigler & Ebinger"
"Senegalia altiscandens","Senegalia altiscandens","Accepted",2605471,"60445194-2","Senegalia altiscandens","Fabaceae","Senegalia","(Ducke) Seigler & Ebinger"
"Senegalia klugii","Senegalia klugii","Accepted",2605486,"60445209-2","Senegalia klugii","Fabaceae","Senegalia","(Standl. ex J.F.Macbr.) Seigler & Ebinger"
"Senegalia macbridei","Senegalia macbridei","Accepted",2605492,"60445215-2","Senegalia macbridei","Fabaceae","Senegalia","(Britton & Rose ex J.F.Macbr.) Seigler & Ebinger"
"Serjania atrolineata","Serjania atrolineata","Accepted",2582575,"784907-1","Serjania atrolineata","Sapindaceae","Serjania","C.Wright"
"Serjania brachycarpa","Serjania brachycarpa","Accepted",2582578,"784913-1","Serjania brachycarpa","Sapindaceae","Serjania","A.Gray ex Radlk."
"Serjania caracasana","Serjania caracasana","Accepted",2582480,"784925-1","Serjania caracasana","Sapindaceae","Serjania","(Jacq.) Willd."
"Serjania fuscifolia","Serjania fuscifolia","Accepted",2582584,"784989-1","Serjania fuscifolia","Sapindaceae","Serjania","Radlk."
"Serjania glabrata","Serjania glabrata","Accepted",2582694,"784992-1","Serjania glabrata","Sapindaceae","Serjania","Kunth"
"Serjania longipes","Serjania longipes","Accepted",2582854,"785043-1","Serjania longipes","Sapindaceae","Serjania","Radlk."
"Serjania mexicana","Serjania mexicana","Accepted",2582781,"785062-1","Serjania mexicana","Sapindaceae","Serjania","(L.) Willd."
"Serjania paucidentata","Serjania paucidentata","Accepted",2582590,"234951-2","Serjania paucidentata","Sapindaceae","Serjania","DC."
"Serjania pluvialiflorens","Serjania pluvialiflorens","Accepted",2582552,"234957-2","Serjania pluvialiflorens","Sapindaceae","Serjania","Croat"
"Serjania polyphylla","Serjania polyphylla","Accepted",2582550,"1035940-2","Serjania polyphylla","Sapindaceae","Serjania","(L.) Radlk."
"Serjania rhombea","Serjania rhombea","Accepted",2582814,"785147-1","Serjania rhombea","Sapindaceae","Serjania","Radlk."
"Simicratea welwitschii","Simicratea welwitschii","Accepted",2480861,"913344-1","Simicratea welwitschii","Celastraceae","Simicratea","(Oliv.) N.Hallé"
"Smilax australis","Smilax australis","Accepted",288556,"541289-1","Smilax australis","Smilacaceae","Smilax","R.Br."
"Smilax bracteata","Smilax bracteata","Accepted",288548,"541320-1","Smilax bracteata","Smilacaceae","Smilax","C.Presl"
"Smilax calophylla","Smilax calophylla","Accepted",288453,"541333-1","Smilax calophylla","Smilacaceae","Smilax","Wall. ex A.DC."
"Smilax laurifolia","Smilax laurifolia","Accepted",289271,"317919-2","Smilax laurifolia","Smilacaceae","Smilax","L."
"Solanum uncinellum","Solanum uncinellum","Accepted",3032759,"821373-1","Solanum uncinellum","Solanaceae","Solanum","Lindl."
"Spatholobus ferrugineus","Spatholobus ferrugineus","Accepted",2597606,"519153-1","Spatholobus ferrugineus","Fabaceae","Spatholobus","(Zoll. & Moritzi) Benth."
"Spatholobus oblongifolius","Spatholobus oblongifolius","Accepted",2597616,"519164-1","Spatholobus oblongifolius","Fabaceae","Spatholobus","Merr."
"Sphenodesme pentandra","Sphenodesme pentandra","Accepted",194070,"864666-1","Sphenodesme pentandra","Lamiaceae","Sphenodesme","Jack"
"Stigmaphyllon eggersii","Stigmaphyllon eggersii","Accepted",2596550,"306952-2","Stigmaphyllon eggersii","Malpighiaceae","Stigmaphyllon","C.E.Anderson"
"Stigmaphyllon ellipticum","Stigmaphyllon ellipticum","Accepted",2596548,"30241255-2","Stigmaphyllon ellipticum","Malpighiaceae","Stigmaphyllon","(Kunth) A.Juss."
"Stigmaphyllon emarginatum","Stigmaphyllon emarginatum","Accepted",2596546,"557501-1","Stigmaphyllon emarginatum","Malpighiaceae","Stigmaphyllon","(Cav.) A.Juss."
"Stigmaphyllon floribundum","Stigmaphyllon floribundum","Accepted",2596540,"285618-2","Stigmaphyllon floribundum","Malpighiaceae","Stigmaphyllon","(DC.) C.E.Anderson"
"Stizophyllum inaequilaterum","Stizophyllum inaequilaterum","Accepted",318166,"246381-2","Stizophyllum inaequilaterum","Bignoniaceae","Stizophyllum","Bureau & K.Schum."
"Stizophyllum perforatum","Stizophyllum perforatum","Accepted",318156,"1166092-2","Stizophyllum perforatum","Bignoniaceae","Stizophyllum","(Cham.) Miers"
"Stizophyllum riparium","Stizophyllum riparium","Accepted",318162,"246385-2","Stizophyllum riparium","Bignoniaceae","Stizophyllum","(Kunth) Sandwith"
"Strophanthus sarmentosus","Strophanthus sarmentosus","Accepted",198277,"81945-1","Strophanthus sarmentosus","Apocynaceae","Strophanthus","DC."
"Strychnopsis thouarsii","Strychnopsis thouarsii","Accepted",2601436,"581499-1","Strychnopsis thouarsii","Menispermaceae","Strychnopsis","Baill."
"Strychnos aculeata","Strychnos aculeata","Accepted",2598055,"547024-1","Strychnos aculeata","Loganiaceae","Strychnos","Soler."
"Strychnos axillaris","Strychnos axillaris","Accepted",2597995,"547050-1","Strychnos axillaris","Loganiaceae","Strychnos","Colebr."
"Strychnos brachistantha","Strychnos brachistantha","Accepted",2597820,"247287-2","Strychnos brachistantha","Loganiaceae","Strychnos","Standl."
"Strychnos bredemeyeri","Strychnos bredemeyeri","Accepted",2597815,"547083-1","Strychnos bredemeyeri","Loganiaceae","Strychnos","(Schult.) Sprague & Sandwith"
"Strychnos cathayensis","Strychnos cathayensis","Accepted",2597833,"547102-1","Strychnos cathayensis","Loganiaceae","Strychnos","Merr."
"Strychnos chlorantha","Strychnos chlorantha","Accepted",2597789,"547109-1","Strychnos chlorantha","Loganiaceae","Strychnos","Progel"
"Strychnos congolana","Strychnos congolana","Accepted",2597811,"547134-1","Strychnos congolana","Loganiaceae","Strychnos","Gilg"
"Strychnos croatii","Strychnos croatii","Accepted",2597791,"247298-2","Strychnos croatii","Loganiaceae","Strychnos","Krukoff & Barneby"
"Strychnos ecuadoriensis","Strychnos ecuadoriensis","Accepted",2597905,"247303-2","Strychnos ecuadoriensis","Loganiaceae","Strychnos","Krukoff & Barneby"
"Strychnos erichsonii","Strychnos erichsonii","Accepted",2597863,"547183-1","Strychnos erichsonii","Loganiaceae","Strychnos","R.H.Schomb. ex Progel"
"Strychnos floribunda","Strychnos floribunda","Accepted",2597851,"547195-1","Strychnos floribunda","Loganiaceae","Strychnos","Gilg"
"Strychnos froesii","Strychnos froesii","Accepted",2597876,"247307-2","Strychnos froesii","Loganiaceae","Strychnos","Ducke"
"Strychnos guianensis","Strychnos guianensis","Accepted",2598063,"547220-1","Strychnos guianensis","Loganiaceae","Strychnos","(Aubl.) Mart."
"Strychnos ignatii","Strychnos ignatii","Accepted",2598276,"547242-1","Strychnos ignatii","Loganiaceae","Strychnos","P.J.Bergius"
"Strychnos javariensis","Strychnos javariensis","Accepted",2598282,"247314-2","Strychnos javariensis","Loganiaceae","Strychnos","Krukoff"
"Strychnos jobertiana","Strychnos jobertiana","Accepted",2598271,"547247-1","Strychnos jobertiana","Loganiaceae","Strychnos","Baill."
"Strychnos lucens","Strychnos lucens","Accepted",2598347,"547293-1","Strychnos lucens","Loganiaceae","Strychnos","Baker"
"Strychnos minor","Strychnos minor","Accepted",2598304,"547339-1","Strychnos minor","Loganiaceae","Strychnos","Dennst."
"Strychnos mitscherlichii","Strychnos mitscherlichii","Accepted",2598300,"547341-1","Strychnos mitscherlichii","Loganiaceae","Strychnos","M.R.Schomb."
"Strychnos panamensis","Strychnos panamensis","Accepted",2598082,"547390-1","Strychnos panamensis","Loganiaceae","Strychnos","Seem."
"Strychnos peckii","Strychnos peckii","Accepted",2598099,"547401-1","Strychnos peckii","Loganiaceae","Strychnos","B.L.Rob."
"Strychnos phaeotricha","Strychnos phaeotricha","Accepted",2598092,"547408-1","Strychnos phaeotricha","Loganiaceae","Strychnos","Gilg"
"Strychnos poeppigii","Strychnos poeppigii","Accepted",2598085,"547415-1","Strychnos poeppigii","Loganiaceae","Strychnos","Progel"
"Strychnos ramentifera","Strychnos ramentifera","Accepted",2598321,"247344-2","Strychnos ramentifera","Loganiaceae","Strychnos","Ducke"
"Strychnos sandwithiana","Strychnos sandwithiana","Accepted",2598175,"247349-2","Strychnos sandwithiana","Loganiaceae","Strychnos","Krukoff & Barneby"
"Strychnos schunkei","Strychnos schunkei","Accepted",2598202,"247351-2","Strychnos schunkei","Loganiaceae","Strychnos","Krukoff & Barneby"
"Strychnos tricalysioides","Strychnos tricalysioides","Accepted",2595054,"547527-1","Strychnos tricalysioides","Loganiaceae","Strychnos","Hutch. & M.B.Moss"
"Synclisia scabrida","Synclisia scabrida","Accepted",2601459,"581508-1","Synclisia scabrida","Menispermaceae","Synclisia","Miers"
"Tanaecium bilabiatum","Tanaecium bilabiatum","Accepted",320993,"77100467-1","Tanaecium bilabiatum","Bignoniaceae","Tanaecium","(Sprague) L.G.Lohmann"
"Tanaecium duckei","Tanaecium duckei","Accepted",318788,"249328-2","Tanaecium duckei","Bignoniaceae","Tanaecium","A.Samp."
"Tanaecium mutabile","Tanaecium mutabile","Synonym",538936,"77209765-1","Fridericia mutabilis","Bignoniaceae","Fridericia","(Bureau & K.Schum.) Frazão & L.G.Lohmann"
"Tanaecium pyramidatum","Tanaecium pyramidatum","Accepted",320995,"77100468-1","Tanaecium pyramidatum","Bignoniaceae","Tanaecium","(Rich.) L.G.Lohmann"
"Tanaecium selloi","Tanaecium selloi","Accepted",320997,"77100469-1","Tanaecium selloi","Bignoniaceae","Tanaecium","(Spreng.) L.G.Lohmann"
"Tanaecium tetragonolobum","Tanaecium tetragonolobum","Accepted",320998,"77100470-1","Tanaecium tetragonolobum","Bignoniaceae","Tanaecium","(Jacq.) L.G.Lohmann"
"Tanaecium truncatum","Tanaecium truncatum","Accepted",320999,"77142095-1","Tanaecium truncatum","Bignoniaceae","Tanaecium","(A.Samp.) L.G.Lohmann"
"Tanaecium xanthophyllum","Tanaecium xanthophyllum","Accepted",321000,"77142096-1","Tanaecium xanthophyllum","Bignoniaceae","Tanaecium","(DC.) L.G.Lohmann"
"Telitoxicum krukovii","Telitoxicum krukovii","Accepted",2517001,"250112-2","Telitoxicum krukovii","Menispermaceae","Telitoxicum","Moldenke"
"Telitoxicum minutiflorum","Telitoxicum minutiflorum","Accepted",2517000,"250113-2","Telitoxicum minutiflorum","Menispermaceae","Telitoxicum","(Diels) Moldenke"
"Telitoxicum peruvianum","Telitoxicum peruvianum","Accepted",2517008,"250115-2","Telitoxicum peruvianum","Menispermaceae","Telitoxicum","Moldenke"
"Tetracera akara","Tetracera akara","Accepted",2434859,"317350-1","Tetracera akara","Dilleniaceae","Tetracera","(Burm.f.) Merr."
"Tetracera alnifolia","Tetracera alnifolia","Accepted",2434862,"317353-1","Tetracera alnifolia","Dilleniaceae","Tetracera","Willd."
"Tetracera asperula","Tetracera asperula","Accepted",2434868,"317359-1","Tetracera asperula","Dilleniaceae","Tetracera","Miq."
"Tetracera hydrophila","Tetracera hydrophila","Accepted",2433106,"317416-1","Tetracera hydrophila","Dilleniaceae","Tetracera","Triana & Planch."
"Tetracera macrophylla","Tetracera macrophylla","Accepted",3005640,"317437-1","Tetracera macrophylla","Dilleniaceae","Tetracera","Hook.f. & Thomson"
"Tetracera nordtiana","Tetracera nordtiana","Accepted",2433806,"317452-1","Tetracera nordtiana","Dilleniaceae","Tetracera","F.Muell."
"Tetracera parviflora","Tetracera parviflora","Accepted",2433832,"251580-2","Tetracera parviflora","Dilleniaceae","Tetracera","(Rusby) Sleumer"
"Tetracera volubilis","Tetracera volubilis","Accepted",2433711,"332108-2","Tetracera volubilis","Dilleniaceae","Tetracera","L."
"Tetracera willdenowiana","Tetracera willdenowiana","Accepted",2433722,"317513-1","Tetracera willdenowiana","Dilleniaceae","Tetracera","Steud."
"Tetrapterys calophylla","Tetrapterys calophylla","Accepted",2515792,"557644-1","Tetrapterys calophylla","Malpighiaceae","Tetrapterys","A.Juss."
"Tetrapterys crispa","Tetrapterys crispa","Accepted",2515744,"557660-1","Tetrapterys crispa","Malpighiaceae","Tetrapterys","A.Juss."
"Tetrapterys discolor","Tetrapterys discolor","Accepted",2515745,"557670-1","Tetrapterys discolor","Malpighiaceae","Tetrapterys","(G.Mey.) DC."
"Tetrapterys goudotiana","Tetrapterys goudotiana","Accepted",2515759,"557684-1","Tetrapterys goudotiana","Malpighiaceae","Tetrapterys","Triana & Planch."
"Tetrapterys mexicana","Tetrapterys mexicana","Accepted",2515854,"557728-1","Tetrapterys mexicana","Malpighiaceae","Tetrapterys","Hook. & Arn."
"Tetrapterys schiedeana","Tetrapterys schiedeana","Accepted",2521846,"302118-2","Tetrapterys schiedeana","Malpighiaceae","Tetrapterys","Schltdl. & Cham."
"Tetrastigma formosanum","Tetrastigma formosanum","Accepted",2518525,"870572-1","Tetrastigma formosanum","Vitaceae","Tetrastigma","(Hemsl.) Gagnep."
"Thinouia mucronata","Thinouia mucronata","Accepted",2520391,"785352-1","Thinouia mucronata","Sapindaceae","Thinouia","Radlk."
"Thinouia myriantha","Thinouia myriantha","Accepted",2520390,"785353-1","Thinouia myriantha","Sapindaceae","Thinouia","Triana & Planch."
"Tilesia baccata","Tilesia baccata","Accepted",3122221,"993359-1","Tilesia baccata","Asteraceae","Tilesia","(L.) Pruski"
"Tinospora tinosporoides","Tinospora tinosporoides","Accepted",2516902,"909775-1","Tinospora tinosporoides","Menispermaceae","Tinospora","(F.Muell.) Forman"
"Toddalia asiatica","Toddalia asiatica","Synonym",3237816,"77194041-1","Zanthoxylum asiaticum","Rutaceae","Zanthoxylum","(L.) Appelhans, Groppo & J.Wen"
"Tontelea attenuata","Tontelea attenuata","Accepted",2430963,"162852-1","Tontelea attenuata","Celastraceae","Tontelea","Miers"
"Tontelea congestiflora","Tontelea congestiflora","Accepted",2443090,"255063-2","Tontelea congestiflora","Celastraceae","Tontelea","(A.C.Sm.) A.C.Sm."
"Tontelea coriacea","Tontelea coriacea","Accepted",2443092,"255065-2","Tontelea coriacea","Celastraceae","Tontelea","A.C.Sm."
"Tontelea emarginata","Tontelea emarginata","Accepted",2443066,"255070-2","Tontelea emarginata","Celastraceae","Tontelea","A.C.Sm."
"Tontelea mauritioides","Tontelea mauritioides","Accepted",2443074,"255078-2","Tontelea mauritioides","Celastraceae","Tontelea","(A.C.Sm.) A.C.Sm."
"Tontelea micrantha","Tontelea micrantha","Accepted",2443075,"431404-1","Tontelea micrantha","Celastraceae","Tontelea","(Mart.) A.C.Sm."
"Tontelea miersii","Tontelea miersii","Accepted",2443076,"255079-2","Tontelea miersii","Celastraceae","Tontelea","(Peyr.) A.C.Sm."
"Tontelea passiflora","Tontelea passiflora","Accepted",2905292,"77112015-1","Tontelea passiflora","Celastraceae","Tontelea","(Vell.) Lombardi"
"Tontelea tenuicula","Tontelea tenuicula","Accepted",2443100,"255087-2","Tontelea tenuicula","Celastraceae","Tontelea","(Miers) A.C.Sm."
"Topobea asplundii","Topobea asplundii","Synonym",3021350,"77124967-1","Blakea asplundii","Melastomataceae","Blakea","(Wurdack) Penneys & Judd"
"Trachelospermum asiaticum","Trachelospermum asiaticum","Accepted",207074,"82528-1","Trachelospermum asiaticum","Apocynaceae","Trachelospermum","(Siebold & Zucc.) Nakai"
"Triclisia dictyophylla","Triclisia dictyophylla","Accepted",2516839,"581664-1","Triclisia dictyophylla","Menispermaceae","Triclisia","Diels"
"Triclisia sacleuxii","Triclisia sacleuxii","Accepted",2516824,"581679-1","Triclisia sacleuxii","Menispermaceae","Triclisia","(Pierre) Diels"
"Trigonia boliviana","Trigonia boliviana","Accepted",2518157,"871012-1","Trigonia boliviana","Trigoniaceae","Trigonia","Warm."
"Trigonia eriosperma","Trigonia eriosperma","Accepted",2519152,"836227-1","Trigonia eriosperma","Trigoniaceae","Trigonia","(Lam.) Fromm & E.Santos"
"Turbina abutiloides","Turbina abutiloides","Synonym",480433,"268336-1","Ipomoea abutiloides","Convolvulaceae","Ipomoea","(Kunth) G.Don"
"Turbina corymbosa","Turbina corymbosa","Synonym",481122,"60458008-2","Ipomoea corymbosa","Convolvulaceae","Ipomoea","(L.) Roth"
"Tynanthus panurensis","Tynanthus panurensis","Accepted",319081,"259273-2","Tynanthus panurensis","Bignoniaceae","Tynanthus","(Bureau) Sandwith"
"Tynanthus polyanthus","Tynanthus polyanthus","Accepted",319068,"259274-2","Tynanthus polyanthus","Bignoniaceae","Tynanthus","(Bureau) Sandwith"
"Tynanthus pubescens","Tynanthus pubescens","Accepted",319070,"259275-2","Tynanthus pubescens","Bignoniaceae","Tynanthus","A.H.Gentry"
"Tynanthus schumannianus","Tynanthus schumannianus","Accepted",319087,"259277-2","Tynanthus schumannianus","Bignoniaceae","Tynanthus","(Kuntze) A.H.Gentry"
"Uncaria gambir","Uncaria gambir","Accepted",209796,"60458896-2","Uncaria gambir","Rubiaceae","Uncaria","(W.Hunter) Roxb."
"Uncaria guianensis","Uncaria guianensis","Accepted",209803,"768250-1","Uncaria guianensis","Rubiaceae","Uncaria","(Aubl.) J.F.Gmel."
"Uncaria talbotii","Uncaria talbotii","Accepted",209877,"768320-1","Uncaria talbotii","Rubiaceae","Uncaria","Wernham"
"Urceola javanica","Urceola javanica","Accepted",210945,"82589-1","Urceola javanica","Apocynaceae","Urceola","(Blume) Boerl."
"Urvillea uniloba","Urvillea uniloba","Accepted",2450001,"785594-1","Urvillea uniloba","Sapindaceae","Urvillea","Radlk."
"Uvaria argentea","Uvaria argentea","Accepted",2447605,"75567-1","Uvaria argentea","Annonaceae","Uvaria","Blume"
"Uvaria excelsa","Uvaria excelsa","Accepted",2448228,"75677-1","Uvaria excelsa","Annonaceae","Uvaria","(Hook.f. & Thomson) King"
"Uvaria pandensis","Uvaria pandensis","Accepted",2448296,"934501-1","Uvaria pandensis","Annonaceae","Uvaria","Verdc."
"Uvaria poggei","Uvaria poggei","Accepted",2447974,"75893-1","Uvaria poggei","Annonaceae","Uvaria","Engl. & Diels"
"Ventilago africana","Ventilago africana","Accepted",2451797,"719106-1","Ventilago africana","Rhamnaceae","Ventilago","Exell"
"Ventilago elegans","Ventilago elegans","Accepted",2451782,"719121-1","Ventilago elegans","Rhamnaceae","Ventilago","Hemsl."
"Ventilago neocaledonica","Ventilago neocaledonica","Accepted",2451724,"719149-1","Ventilago neocaledonica","Rhamnaceae","Ventilago","Schltr."
"Vitis tiliifolia","Vitis tiliifolia","Accepted",2456972,"69103-1","Vitis tiliifolia","Vitaceae","Vitis","Humb. & Bonpl. ex Schult."
"Xerosicyos danguyi","Xerosicyos danguyi","Accepted",2468339,"294393-1","Xerosicyos danguyi","Cucurbitaceae","Xerosicyos","Humbert"
"Xylophragma platyphyllum","Xylophragma platyphyllum","Accepted",321010,"77142098-1","Xylophragma platyphyllum","Bignoniaceae","Xylophragma","(DC.) L.G.Lohmann"
"Xylophragma seemannianum","Xylophragma seemannianum","Accepted",318930,"269762-2","Xylophragma seemannianum","Bignoniaceae","Xylophragma","(Kuntze) Sandwith"
"Zanthoxylum mezoneurispinosum","Zanthoxylum mezoneurispinosum","Accepted",2871198,"77115500-1","Zanthoxylum mezoneurispinosum","Rutaceae","Zanthoxylum","(Aké Assi) W.D.Hawth."
"Zanthoxylum nitidum","Zanthoxylum nitidum","Accepted",2468814,"775896-1","Zanthoxylum nitidum","Rutaceae","Zanthoxylum","(Roxb.) DC."
